,data,dia_semana,feriado,festas,feriado - dia anterior,feriado - 2 dias anteriores,feriado - dia seguinte,feriado - daqui a 2 dias,festas - dia anterior,festas - 2 dias anteriores,festas - dia seguinte,festas - daqui a 2 dias
0,2018-01-01,Monday,Ano Novo,,n,n,,,n,n,,
1,2018-01-02,Tuesday,,,Ano Novo,n,,,,n,,
2,2018-01-03,Wednesday,,,,Ano Novo,,,,,,
3,2018-01-04,Thursday,,,,,,,,,,
4,2018-01-05,Friday,,,,,,,,,,
5,2018-01-06,Saturday,,,,,,,,,,
6,2018-01-07,Sunday,,,,,,,,,,
7,2018-01-08,Monday,,,,,,,,,,
8,2018-01-09,Tuesday,,,,,,,,,,
9,2018-01-10,Wednesday,,,,,,,,,,
10,2018-01-11,Thursday,,,,,,,,,,
11,2018-01-12,Friday,,,,,,,,,,
12,2018-01-13,Saturday,,,,,,,,,,
13,2018-01-14,Sunday,,,,,,,,,,
14,2018-01-15,Monday,,,,,,,,,,
15,2018-01-16,Tuesday,,,,,,,,,,
16,2018-01-17,Wednesday,,,,,,,,,,
17,2018-01-18,Thursday,,,,,,,,,,
18,2018-01-19,Friday,,,,,,,,,,
19,2018-01-20,Saturday,,,,,,,,,,
20,2018-01-21,Sunday,,,,,,,,,,
21,2018-01-22,Monday,,,,,,,,,,
22,2018-01-23,Tuesday,,,,,,,,,,
23,2018-01-24,Wednesday,,,,,,,,,,
24,2018-01-25,Thursday,,,,,,,,,,
25,2018-01-26,Friday,,,,,,,,,,
26,2018-01-27,Saturday,,,,,,,,,,
27,2018-01-28,Sunday,,,,,,,,,,
28,2018-01-29,Monday,,,,,,,,,,
29,2018-01-30,Tuesday,,,,,,,,,,
30,2018-01-31,Wednesday,,,,,,,,,,
31,2018-02-01,Thursday,,,,,,,,,,
32,2018-02-02,Friday,,,,,,,,,,
33,2018-02-03,Saturday,,,,,,,,,,
34,2018-02-04,Sunday,,,,,,,,,,
35,2018-02-05,Monday,,,,,,,,,,
36,2018-02-06,Tuesday,,,,,,,,,,
37,2018-02-07,Wednesday,,,,,,,,,,
38,2018-02-08,Thursday,,,,,,,,,,
39,2018-02-09,Friday,,,,,,,,,,
40,2018-02-10,Saturday,,,,,,,,,,
41,2018-02-11,Sunday,,,,,,Carnaval,,,,
42,2018-02-12,Monday,,,,,Carnaval,,,,,
43,2018-02-13,Tuesday,Carnaval,,,,,,,,,
44,2018-02-14,Wednesday,,,Carnaval,,,,,,,
45,2018-02-15,Thursday,,,,Carnaval,,,,,,
46,2018-02-16,Friday,,,,,,,,,,
47,2018-02-17,Saturday,,,,,,,,,,
48,2018-02-18,Sunday,,,,,,,,,,
49,2018-02-19,Monday,,,,,,,,,,
50,2018-02-20,Tuesday,,,,,,,,,,
51,2018-02-21,Wednesday,,,,,,,,,,
52,2018-02-22,Thursday,,,,,,,,,,
53,2018-02-23,Friday,,,,,,,,,,
54,2018-02-24,Saturday,,,,,,,,,,
55,2018-02-25,Sunday,,,,,,,,,,
56,2018-02-26,Monday,,,,,,,,,,
57,2018-02-27,Tuesday,,,,,,,,,,
58,2018-02-28,Wednesday,,,,,,,,,,
59,2018-03-01,Thursday,,,,,,,,,,
60,2018-03-02,Friday,,,,,,,,,,
61,2018-03-03,Saturday,,,,,,,,,,
62,2018-03-04,Sunday,,,,,,,,,,
63,2018-03-05,Monday,,,,,,,,,,
64,2018-03-06,Tuesday,,,,,,,,,,
65,2018-03-07,Wednesday,,,,,,,,,,
66,2018-03-08,Thursday,,,,,,,,,,
67,2018-03-09,Friday,,,,,,,,,,
68,2018-03-10,Saturday,,,,,,,,,,
69,2018-03-11,Sunday,,,,,,,,,,
70,2018-03-12,Monday,,,,,,,,,,
71,2018-03-13,Tuesday,,,,,,,,,,
72,2018-03-14,Wednesday,,,,,,,,,,
73,2018-03-15,Thursday,,,,,,,,,,
74,2018-03-16,Friday,,,,,,,,,,
75,2018-03-17,Saturday,,,,,,,,,,
76,2018-03-18,Sunday,,,,,,,,,,
77,2018-03-19,Monday,,,,,,,,,,
78,2018-03-20,Tuesday,,,,,,,,,,
79,2018-03-21,Wednesday,,,,,,,,,,
80,2018-03-22,Thursday,,,,,,,,,,
81,2018-03-23,Friday,,,,,,,,,,
82,2018-03-24,Saturday,,,,,,,,,,
83,2018-03-25,Sunday,,,,,,,,,,
84,2018-03-26,Monday,,,,,,,,,,
85,2018-03-27,Tuesday,,,,,,,,,,Endoencas
86,2018-03-28,Wednesday,,,,,,Sexta Feira Santa,,,Endoencas,
87,2018-03-29,Thursday,,Endoencas,,,Sexta Feira Santa,,,,,
88,2018-03-30,Friday,Sexta Feira Santa,,,,,Domingo de Pascoa,Endoencas,,,
89,2018-03-31,Saturday,,,Sexta Feira Santa,,Domingo de Pascoa,Segunda-feira de Pascoa,,Endoencas,,
90,2018-04-01,Sunday,Domingo de Pascoa,,,Sexta Feira Santa,Segunda-feira de Pascoa,,,,,
91,2018-04-02,Monday,Segunda-feira de Pascoa,,Domingo de Pascoa,,,,,,,
92,2018-04-03,Tuesday,,,Segunda-feira de Pascoa,Domingo de Pascoa,,,,,,
93,2018-04-04,Wednesday,,,,Segunda-feira de Pascoa,,,,,,
94,2018-04-05,Thursday,,,,,,,,,,
95,2018-04-06,Friday,,,,,,,,,,
96,2018-04-07,Saturday,,,,,,,,,,
97,2018-04-08,Sunday,,,,,,,,,,
98,2018-04-09,Monday,,,,,,,,,,
99,2018-04-10,Tuesday,,,,,,,,,,
100,2018-04-11,Wednesday,,,,,,,,,,
101,2018-04-12,Thursday,,,,,,,,,,
102,2018-04-13,Friday,,,,,,,,,,
103,2018-04-14,Saturday,,,,,,,,,,
104,2018-04-15,Sunday,,,,,,,,,,
105,2018-04-16,Monday,,,,,,,,,,
106,2018-04-17,Tuesday,,,,,,,,,,
107,2018-04-18,Wednesday,,,,,,,,,,
108,2018-04-19,Thursday,,,,,,,,,,
109,2018-04-20,Friday,,,,,,,,,,
110,2018-04-21,Saturday,,,,,,,,,,
111,2018-04-22,Sunday,,,,,,,,,,
112,2018-04-23,Monday,,,,,,Dia da liberdade,,,,
113,2018-04-24,Tuesday,,,,,Dia da liberdade,,,,,
114,2018-04-25,Wednesday,Dia da liberdade,,,,,,,,,
115,2018-04-26,Thursday,,,Dia da liberdade,,,,,,,
116,2018-04-27,Friday,,,,Dia da liberdade,,,,,,
117,2018-04-28,Saturday,,,,,,,,,,
118,2018-04-29,Sunday,,,,,,Dia do Trabalhador,,,,
119,2018-04-30,Monday,,,,,Dia do Trabalhador,,,,,
120,2018-05-01,Tuesday,Dia do Trabalhador,,,,,,,,,
121,2018-05-02,Wednesday,,,Dia do Trabalhador,,,,,,,
122,2018-05-03,Thursday,,,,Dia do Trabalhador,,,,,,
123,2018-05-04,Friday,,,,,,,,,,
124,2018-05-05,Saturday,,,,,,,,,,
125,2018-05-06,Sunday,,,,,,,,,,
126,2018-05-07,Monday,,,,,,,,,,
127,2018-05-08,Tuesday,,,,,,,,,,
128,2018-05-09,Wednesday,,,,,,,,,,
129,2018-05-10,Thursday,,,,,,,,,,
130,2018-05-11,Friday,,,,,,,,,,
131,2018-05-12,Saturday,,,,,,,,,,
132,2018-05-13,Sunday,,,,,,,,,,
133,2018-05-14,Monday,,,,,,,,,,
134,2018-05-15,Tuesday,,,,,,,,,,
135,2018-05-16,Wednesday,,,,,,,,,,
136,2018-05-17,Thursday,,,,,,,,,,
137,2018-05-18,Friday,,,,,,,,,,
138,2018-05-19,Saturday,,,,,,,,,,
139,2018-05-20,Sunday,,,,,,,,,,
140,2018-05-21,Monday,,,,,,,,,,
141,2018-05-22,Tuesday,,,,,,,,,,
142,2018-05-23,Wednesday,,,,,,,,,,
143,2018-05-24,Thursday,,,,,,,,,,
144,2018-05-25,Friday,,,,,,,,,,
145,2018-05-26,Saturday,,,,,,,,,,
146,2018-05-27,Sunday,,,,,,,,,,
147,2018-05-28,Monday,,,,,,,,,,Festas do Corpo de Deus
148,2018-05-29,Tuesday,,,,,,Corpo de Deus,,,Festas do Corpo de Deus,Festas do Corpo de Deus
149,2018-05-30,Wednesday,,Festas do Corpo de Deus,,,Corpo de Deus,,,,Festas do Corpo de Deus,
150,2018-05-31,Thursday,Corpo de Deus,Festas do Corpo de Deus,,,,,Festas do Corpo de Deus,,,
151,2018-06-01,Friday,,,Corpo de Deus,,,,Festas do Corpo de Deus,Festas do Corpo de Deus,,
152,2018-06-02,Saturday,,,,Corpo de Deus,,,,Festas do Corpo de Deus,,
153,2018-06-03,Sunday,,,,,,,,,,
154,2018-06-04,Monday,,,,,,,,,,
155,2018-06-05,Tuesday,,,,,,,,,,
156,2018-06-06,Wednesday,,,,,,,,,,
157,2018-06-07,Thursday,,,,,,,,,,
158,2018-06-08,Friday,,,,,,Dia de Portugal,,,,
159,2018-06-09,Saturday,,,,,Dia de Portugal,,,,,
160,2018-06-10,Sunday,Dia de Portugal,,,,,,,,,
161,2018-06-11,Monday,,,Dia de Portugal,,,,,,,
162,2018-06-12,Tuesday,,,,Dia de Portugal,,,,,,
163,2018-06-13,Wednesday,,,,,,,,,,
164,2018-06-14,Thursday,,,,,,,,,,
165,2018-06-15,Friday,,,,,,,,,,
166,2018-06-16,Saturday,,,,,,,,,,
167,2018-06-17,Sunday,,,,,,,,,,
168,2018-06-18,Monday,,,,,,,,,,
169,2018-06-19,Tuesday,,,,,,,,,,
170,2018-06-20,Wednesday,,,,,,,,,,
171,2018-06-21,Thursday,,,,,,,,,,
172,2018-06-22,Friday,,,,,,,,,,
173,2018-06-23,Saturday,,,,,,,,,,
174,2018-06-24,Sunday,,,,,,,,,,
175,2018-06-25,Monday,,,,,,,,,,
176,2018-06-26,Tuesday,,,,,,,,,,
177,2018-06-27,Wednesday,,,,,,,,,,
178,2018-06-28,Thursday,,,,,,,,,,
179,2018-06-29,Friday,,,,,,,,,,
180,2018-06-30,Saturday,,,,,,,,,,
181,2018-07-01,Sunday,,,,,,,,,,
182,2018-07-02,Monday,,,,,,,,,,
183,2018-07-03,Tuesday,,,,,,,,,,
184,2018-07-04,Wednesday,,,,,,,,,,
185,2018-07-05,Thursday,,,,,,,,,,
186,2018-07-06,Friday,,,,,,,,,,
187,2018-07-07,Saturday,,,,,,,,,,
188,2018-07-08,Sunday,,,,,,,,,,
189,2018-07-09,Monday,,,,,,,,,,
190,2018-07-10,Tuesday,,,,,,,,,,
191,2018-07-11,Wednesday,,,,,,,,,,
192,2018-07-12,Thursday,,,,,,,,,,
193,2018-07-13,Friday,,,,,,,,,,
194,2018-07-14,Saturday,,,,,,,,,,
195,2018-07-15,Sunday,,,,,,,,,,
196,2018-07-16,Monday,,,,,,,,,,
197,2018-07-17,Tuesday,,,,,,,,,,
198,2018-07-18,Wednesday,,,,,,,,,,
199,2018-07-19,Thursday,,,,,,,,,,
200,2018-07-20,Friday,,,,,,,,,,
201,2018-07-21,Saturday,,,,,,,,,,
202,2018-07-22,Sunday,,,,,,,,,,
203,2018-07-23,Monday,,,,,,,,,,
204,2018-07-24,Tuesday,,,,,,,,,,
205,2018-07-25,Wednesday,,,,,,,,,,
206,2018-07-26,Thursday,,,,,,,,,,
207,2018-07-27,Friday,,,,,,,,,,
208,2018-07-28,Saturday,,,,,,,,,,
209,2018-07-29,Sunday,,,,,,,,,,
210,2018-07-30,Monday,,,,,,,,,,
211,2018-07-31,Tuesday,,,,,,,,,,
212,2018-08-01,Wednesday,,,,,,,,,,
213,2018-08-02,Thursday,,,,,,,,,,
214,2018-08-03,Friday,,,,,,,,,,
215,2018-08-04,Saturday,,,,,,,,,,
216,2018-08-05,Sunday,,,,,,,,,,
217,2018-08-06,Monday,,,,,,,,,,
218,2018-08-07,Tuesday,,,,,,,,,,
219,2018-08-08,Wednesday,,,,,,,,,,
220,2018-08-09,Thursday,,,,,,,,,,
221,2018-08-10,Friday,,,,,,,,,,
222,2018-08-11,Saturday,,,,,,,,,,
223,2018-08-12,Sunday,,,,,,,,,,
224,2018-08-13,Monday,,,,,,Assuncao de Nossa Senhora,,,,
225,2018-08-14,Tuesday,,,,,Assuncao de Nossa Senhora,,,,,
226,2018-08-15,Wednesday,Assuncao de Nossa Senhora,,,,,,,,,Agrival
227,2018-08-16,Thursday,,,Assuncao de Nossa Senhora,,,,,,Agrival,Agrival
228,2018-08-17,Friday,,Agrival,,Assuncao de Nossa Senhora,,,,,Agrival,Agrival
229,2018-08-18,Saturday,,Agrival,,,,,Agrival,,Agrival,Agrival
230,2018-08-19,Sunday,,Agrival,,,,,Agrival,Agrival,Agrival,Agrival
231,2018-08-20,Monday,,Agrival,,,,,Agrival,Agrival,Agrival,Agrival
232,2018-08-21,Tuesday,,Agrival,,,,,Agrival,Agrival,Agrival,Agrival
233,2018-08-22,Wednesday,,Agrival,,,,,Agrival,Agrival,Agrival,Festas SBartolomeu
234,2018-08-23,Thursday,,Agrival,,,,,Agrival,Agrival,Festas SBartolomeu,Agrival
235,2018-08-24,Friday,,Festas SBartolomeu,,,,,Agrival,Agrival,Agrival,Agrival
236,2018-08-25,Saturday,,Agrival,,,,,Festas SBartolomeu,Agrival,Agrival,
237,2018-08-26,Sunday,,Agrival,,,,,Agrival,Festas SBartolomeu,,
238,2018-08-27,Monday,,,,,,,Agrival,Agrival,,
239,2018-08-28,Tuesday,,,,,,,,Agrival,,
240,2018-08-29,Wednesday,,,,,,,,,,
241,2018-08-30,Thursday,,,,,,,,,,
242,2018-08-31,Friday,,,,,,,,,,
243,2018-09-01,Saturday,,,,,,,,,,
244,2018-09-02,Sunday,,,,,,,,,,
245,2018-09-03,Monday,,,,,,,,,,
246,2018-09-04,Tuesday,,,,,,,,,,
247,2018-09-05,Wednesday,,,,,,,,,,
248,2018-09-06,Thursday,,,,,,,,,,
249,2018-09-07,Friday,,,,,,,,,,
250,2018-09-08,Saturday,,,,,,,,,,
251,2018-09-09,Sunday,,,,,,,,,,
252,2018-09-10,Monday,,,,,,,,,,
253,2018-09-11,Tuesday,,,,,,,,,,
254,2018-09-12,Wednesday,,,,,,,,,,
255,2018-09-13,Thursday,,,,,,,,,,
256,2018-09-14,Friday,,,,,,,,,,
257,2018-09-15,Saturday,,,,,,,,,,
258,2018-09-16,Sunday,,,,,,,,,,
259,2018-09-17,Monday,,,,,,,,,,
260,2018-09-18,Tuesday,,,,,,,,,,
261,2018-09-19,Wednesday,,,,,,,,,,
262,2018-09-20,Thursday,,,,,,,,,,
263,2018-09-21,Friday,,,,,,,,,,
264,2018-09-22,Saturday,,,,,,,,,,
265,2018-09-23,Sunday,,,,,,,,,,
266,2018-09-24,Monday,,,,,,,,,,
267,2018-09-25,Tuesday,,,,,,,,,,
268,2018-09-26,Wednesday,,,,,,,,,,
269,2018-09-27,Thursday,,,,,,,,,,
270,2018-09-28,Friday,,,,,,,,,,
271,2018-09-29,Saturday,,,,,,,,,,
272,2018-09-30,Sunday,,,,,,,,,,
273,2018-10-01,Monday,,,,,,,,,,
274,2018-10-02,Tuesday,,,,,,,,,,
275,2018-10-03,Wednesday,,,,,,Implantacao da Republica,,,,
276,2018-10-04,Thursday,,,,,Implantacao da Republica,,,,,
277,2018-10-05,Friday,Implantacao da Republica,,,,,,,,,
278,2018-10-06,Saturday,,,Implantacao da Republica,,,,,,,
279,2018-10-07,Sunday,,,,Implantacao da Republica,,,,,,
280,2018-10-08,Monday,,,,,,,,,,
281,2018-10-09,Tuesday,,,,,,,,,,
282,2018-10-10,Wednesday,,,,,,,,,,
283,2018-10-11,Thursday,,,,,,,,,,
284,2018-10-12,Friday,,,,,,,,,,
285,2018-10-13,Saturday,,,,,,,,,,
286,2018-10-14,Sunday,,,,,,,,,,
287,2018-10-15,Monday,,,,,,,,,,
288,2018-10-16,Tuesday,,,,,,,,,,
289,2018-10-17,Wednesday,,,,,,,,,,
290,2018-10-18,Thursday,,,,,,,,,,
291,2018-10-19,Friday,,,,,,,,,,
292,2018-10-20,Saturday,,,,,,,,,,
293,2018-10-21,Sunday,,,,,,,,,,
294,2018-10-22,Monday,,,,,,,,,,
295,2018-10-23,Tuesday,,,,,,,,,,
296,2018-10-24,Wednesday,,,,,,,,,,
297,2018-10-25,Thursday,,,,,,,,,,
298,2018-10-26,Friday,,,,,,,,,,
299,2018-10-27,Saturday,,,,,,,,,,
300,2018-10-28,Sunday,,,,,,,,,,
301,2018-10-29,Monday,,,,,,,,,,
302,2018-10-30,Tuesday,,,,,,Dia de Todos os Santos,,,,
303,2018-10-31,Wednesday,,,,,Dia de Todos os Santos,,,,,
304,2018-11-01,Thursday,Dia de Todos os Santos,,,,,,,,,
305,2018-11-02,Friday,,,Dia de Todos os Santos,,,,,,,
306,2018-11-03,Saturday,,,,Dia de Todos os Santos,,,,,,
307,2018-11-04,Sunday,,,,,,,,,,
308,2018-11-05,Monday,,,,,,,,,,
309,2018-11-06,Tuesday,,,,,,,,,,
310,2018-11-07,Wednesday,,,,,,,,,,
311,2018-11-08,Thursday,,,,,,,,,,Festas S Martinho
312,2018-11-09,Friday,,,,,,S Martinho,,,Festas S Martinho,Festas S Martinho
313,2018-11-10,Saturday,,Festas S Martinho,,,S Martinho,,,,Festas S Martinho,Festas S Martinho
314,2018-11-11,Sunday,S Martinho,Festas S Martinho,,,,,Festas S Martinho,,Festas S Martinho,Festas S Martinho
315,2018-11-12,Monday,,Festas S Martinho,S Martinho,,,,Festas S Martinho,Festas S Martinho,Festas S Martinho,Festas S Martinho
316,2018-11-13,Tuesday,,Festas S Martinho,,S Martinho,,,Festas S Martinho,Festas S Martinho,Festas S Martinho,Festas S Martinho
317,2018-11-14,Wednesday,,Festas S Martinho,,,,,Festas S Martinho,Festas S Martinho,Festas S Martinho,Festas S Martinho
318,2018-11-15,Thursday,,Festas S Martinho,,,,,Festas S Martinho,Festas S Martinho,Festas S Martinho,Festas S Martinho
319,2018-11-16,Friday,,Festas S Martinho,,,,,Festas S Martinho,Festas S Martinho,Festas S Martinho,Festas S Martinho
320,2018-11-17,Saturday,,Festas S Martinho,,,,,Festas S Martinho,Festas S Martinho,Festas S Martinho,Festas S Martinho
321,2018-11-18,Sunday,,Festas S Martinho,,,,,Festas S Martinho,Festas S Martinho,Festas S Martinho,Festas S Martinho
322,2018-11-19,Monday,,Festas S Martinho,,,,,Festas S Martinho,Festas S Martinho,Festas S Martinho,
323,2018-11-20,Tuesday,,Festas S Martinho,,,,,Festas S Martinho,Festas S Martinho,,
324,2018-11-21,Wednesday,,,,,,,Festas S Martinho,Festas S Martinho,,
325,2018-11-22,Thursday,,,,,,,,Festas S Martinho,,
326,2018-11-23,Friday,,,,,,,,,,
327,2018-11-24,Saturday,,,,,,,,,,
328,2018-11-25,Sunday,,,,,,,,,,
329,2018-11-26,Monday,,,,,,,,,,
330,2018-11-27,Tuesday,,,,,,,,,,
331,2018-11-28,Wednesday,,,,,,,,,,
332,2018-11-29,Thursday,,,,,,Restauracao da independencia,,,,
333,2018-11-30,Friday,,,,,Restauracao da independencia,,,,,
334,2018-12-01,Saturday,Restauracao da independencia,,,,,,,,,
335,2018-12-02,Sunday,,,Restauracao da independencia,,,,,,,
336,2018-12-03,Monday,,,,Restauracao da independencia,,,,,,
337,2018-12-04,Tuesday,,,,,,,,,,
338,2018-12-05,Wednesday,,,,,,,,,,
339,2018-12-06,Thursday,,,,,,Dia da Imaculada Conceicao,,,,
340,2018-12-07,Friday,,,,,Dia da Imaculada Conceicao,,,,,
341,2018-12-08,Saturday,Dia da Imaculada Conceicao,,,,,,,,,
342,2018-12-09,Sunday,,,Dia da Imaculada Conceicao,,,,,,,
343,2018-12-10,Monday,,,,Dia da Imaculada Conceicao,,,,,,
344,2018-12-11,Tuesday,,,,,,,,,,
345,2018-12-12,Wednesday,,,,,,,,,,
346,2018-12-13,Thursday,,,,,,,,,,
347,2018-12-14,Friday,,,,,,,,,,
348,2018-12-15,Saturday,,,,,,,,,,
349,2018-12-16,Sunday,,,,,,,,,,
350,2018-12-17,Monday,,,,,,,,,,
351,2018-12-18,Tuesday,,,,,,,,,,
352,2018-12-19,Wednesday,,,,,,,,,,
353,2018-12-20,Thursday,,,,,,,,,,
354,2018-12-21,Friday,,,,,,,,,,
355,2018-12-22,Saturday,,,,,,,,,,
356,2018-12-23,Sunday,,,,,,Natal,,,,
357,2018-12-24,Monday,,,,,Natal,,,,,
358,2018-12-25,Tuesday,Natal,,,,,,,,,
359,2018-12-26,Wednesday,,,Natal,,,,,,,
360,2018-12-27,Thursday,,,,Natal,,,,,,
361,2018-12-28,Friday,,,,,,,,,,
362,2018-12-29,Saturday,,,,,,,,,,
363,2018-12-30,Sunday,,,,,,Ano Novo,,,,
364,2018-12-31,Monday,,,,,Ano Novo,,,,,
365,2019-01-01,Tuesday,Ano Novo,,,,,,,,,
366,2019-01-02,Wednesday,,,Ano Novo,,,,,,,
367,2019-01-03,Thursday,,,,Ano Novo,,,,,,
368,2019-01-04,Friday,,,,,,,,,,
369,2019-01-05,Saturday,,,,,,,,,,
370,2019-01-06,Sunday,,,,,,,,,,
371,2019-01-07,Monday,,,,,,,,,,
372,2019-01-08,Tuesday,,,,,,,,,,
373,2019-01-09,Wednesday,,,,,,,,,,
374,2019-01-10,Thursday,,,,,,,,,,
375,2019-01-11,Friday,,,,,,,,,,
376,2019-01-12,Saturday,,,,,,,,,,
377,2019-01-13,Sunday,,,,,,,,,,
378,2019-01-14,Monday,,,,,,,,,,
379,2019-01-15,Tuesday,,,,,,,,,,
380,2019-01-16,Wednesday,,,,,,,,,,
381,2019-01-17,Thursday,,,,,,,,,,
382,2019-01-18,Friday,,,,,,,,,,
383,2019-01-19,Saturday,,,,,,,,,,
384,2019-01-20,Sunday,,,,,,,,,,
385,2019-01-21,Monday,,,,,,,,,,
386,2019-01-22,Tuesday,,,,,,,,,,
387,2019-01-23,Wednesday,,,,,,,,,,
388,2019-01-24,Thursday,,,,,,,,,,
389,2019-01-25,Friday,,,,,,,,,,
390,2019-01-26,Saturday,,,,,,,,,,
391,2019-01-27,Sunday,,,,,,,,,,
392,2019-01-28,Monday,,,,,,,,,,
393,2019-01-29,Tuesday,,,,,,,,,,
394,2019-01-30,Wednesday,,,,,,,,,,
395,2019-01-31,Thursday,,,,,,,,,,
396,2019-02-01,Friday,,,,,,,,,,
397,2019-02-02,Saturday,,,,,,,,,,
398,2019-02-03,Sunday,,,,,,,,,,
399,2019-02-04,Monday,,,,,,,,,,
400,2019-02-05,Tuesday,,,,,,,,,,
401,2019-02-06,Wednesday,,,,,,,,,,
402,2019-02-07,Thursday,,,,,,,,,,
403,2019-02-08,Friday,,,,,,,,,,
404,2019-02-09,Saturday,,,,,,,,,,
405,2019-02-10,Sunday,,,,,,,,,,
406,2019-02-11,Monday,,,,,,,,,,
407,2019-02-12,Tuesday,,,,,,,,,,
408,2019-02-13,Wednesday,,,,,,,,,,
409,2019-02-14,Thursday,,,,,,,,,,
410,2019-02-15,Friday,,,,,,,,,,
411,2019-02-16,Saturday,,,,,,,,,,
412,2019-02-17,Sunday,,,,,,,,,,
413,2019-02-18,Monday,,,,,,,,,,
414,2019-02-19,Tuesday,,,,,,,,,,
415,2019-02-20,Wednesday,,,,,,,,,,
416,2019-02-21,Thursday,,,,,,,,,,
417,2019-02-22,Friday,,,,,,,,,,
418,2019-02-23,Saturday,,,,,,,,,,
419,2019-02-24,Sunday,,,,,,,,,,
420,2019-02-25,Monday,,,,,,,,,,
421,2019-02-26,Tuesday,,,,,,,,,,
422,2019-02-27,Wednesday,,,,,,,,,,
423,2019-02-28,Thursday,,,,,,,,,,
424,2019-03-01,Friday,,,,,,,,,,
425,2019-03-02,Saturday,,,,,,,,,,
426,2019-03-03,Sunday,,,,,,Carnaval,,,,
427,2019-03-04,Monday,,,,,Carnaval,,,,,
428,2019-03-05,Tuesday,Carnaval,,,,,,,,,
429,2019-03-06,Wednesday,,,Carnaval,,,,,,,
430,2019-03-07,Thursday,,,,Carnaval,,,,,,
431,2019-03-08,Friday,,,,,,,,,,
432,2019-03-09,Saturday,,,,,,,,,,
433,2019-03-10,Sunday,,,,,,,,,,
434,2019-03-11,Monday,,,,,,,,,,
435,2019-03-12,Tuesday,,,,,,,,,,
436,2019-03-13,Wednesday,,,,,,,,,,
437,2019-03-14,Thursday,,,,,,,,,,
438,2019-03-15,Friday,,,,,,,,,,
439,2019-03-16,Saturday,,,,,,,,,,
440,2019-03-17,Sunday,,,,,,,,,,
441,2019-03-18,Monday,,,,,,,,,,
442,2019-03-19,Tuesday,,,,,,,,,,
443,2019-03-20,Wednesday,,,,,,,,,,
444,2019-03-21,Thursday,,,,,,,,,,
445,2019-03-22,Friday,,,,,,,,,,
446,2019-03-23,Saturday,,,,,,,,,,
447,2019-03-24,Sunday,,,,,,,,,,
448,2019-03-25,Monday,,,,,,,,,,
449,2019-03-26,Tuesday,,,,,,,,,,
450,2019-03-27,Wednesday,,,,,,,,,,
451,2019-03-28,Thursday,,,,,,,,,,
452,2019-03-29,Friday,,,,,,,,,,
453,2019-03-30,Saturday,,,,,,,,,,
454,2019-03-31,Sunday,,,,,,,,,,
455,2019-04-01,Monday,,,,,,,,,,
456,2019-04-02,Tuesday,,,,,,,,,,
457,2019-04-03,Wednesday,,,,,,,,,,
458,2019-04-04,Thursday,,,,,,,,,,
459,2019-04-05,Friday,,,,,,,,,,
460,2019-04-06,Saturday,,,,,,,,,,
461,2019-04-07,Sunday,,,,,,,,,,
462,2019-04-08,Monday,,,,,,,,,,
463,2019-04-09,Tuesday,,,,,,,,,,
464,2019-04-10,Wednesday,,,,,,,,,,
465,2019-04-11,Thursday,,,,,,,,,,
466,2019-04-12,Friday,,,,,,,,,,
467,2019-04-13,Saturday,,,,,,,,,,
468,2019-04-14,Sunday,,,,,,,,,,
469,2019-04-15,Monday,,,,,,,,,,
470,2019-04-16,Tuesday,,,,,,,,,,Endoencas
471,2019-04-17,Wednesday,,,,,,Sexta Feira Santa,,,Endoencas,
472,2019-04-18,Thursday,,Endoencas,,,Sexta Feira Santa,,,,,
473,2019-04-19,Friday,Sexta Feira Santa,,,,,Domingo de Pascoa,Endoencas,,,
474,2019-04-20,Saturday,,,Sexta Feira Santa,,Domingo de Pascoa,Segunda-feira de Pascoa,,Endoencas,,
475,2019-04-21,Sunday,Domingo de Pascoa,,,Sexta Feira Santa,Segunda-feira de Pascoa,,,,,
476,2019-04-22,Monday,Segunda-feira de Pascoa,,Domingo de Pascoa,,,,,,,
477,2019-04-23,Tuesday,,,Segunda-feira de Pascoa,Domingo de Pascoa,,Dia da liberdade,,,,
478,2019-04-24,Wednesday,,,,Segunda-feira de Pascoa,Dia da liberdade,,,,,
479,2019-04-25,Thursday,Dia da liberdade,,,,,,,,,
480,2019-04-26,Friday,,,Dia da liberdade,,,,,,,
481,2019-04-27,Saturday,,,,Dia da liberdade,,,,,,
482,2019-04-28,Sunday,,,,,,,,,,
483,2019-04-29,Monday,,,,,,Dia do Trabalhador,,,,
484,2019-04-30,Tuesday,,,,,Dia do Trabalhador,,,,,
485,2019-05-01,Wednesday,Dia do Trabalhador,,,,,,,,,
486,2019-05-02,Thursday,,,Dia do Trabalhador,,,,,,,
487,2019-05-03,Friday,,,,Dia do Trabalhador,,,,,,
488,2019-05-04,Saturday,,,,,,,,,,
489,2019-05-05,Sunday,,,,,,,,,,
490,2019-05-06,Monday,,,,,,,,,,
491,2019-05-07,Tuesday,,,,,,,,,,
492,2019-05-08,Wednesday,,,,,,,,,,
493,2019-05-09,Thursday,,,,,,,,,,
494,2019-05-10,Friday,,,,,,,,,,
495,2019-05-11,Saturday,,,,,,,,,,
496,2019-05-12,Sunday,,,,,,,,,,
497,2019-05-13,Monday,,,,,,,,,,
498,2019-05-14,Tuesday,,,,,,,,,,
499,2019-05-15,Wednesday,,,,,,,,,,
500,2019-05-16,Thursday,,,,,,,,,,
501,2019-05-17,Friday,,,,,,,,,,
502,2019-05-18,Saturday,,,,,,,,,,
503,2019-05-19,Sunday,,,,,,,,,,
504,2019-05-20,Monday,,,,,,,,,,
505,2019-05-21,Tuesday,,,,,,,,,,
506,2019-05-22,Wednesday,,,,,,,,,,
507,2019-05-23,Thursday,,,,,,,,,,
508,2019-05-24,Friday,,,,,,,,,,
509,2019-05-25,Saturday,,,,,,,,,,
510,2019-05-26,Sunday,,,,,,,,,,
511,2019-05-27,Monday,,,,,,,,,,
512,2019-05-28,Tuesday,,,,,,,,,,
513,2019-05-29,Wednesday,,,,,,,,,,
514,2019-05-30,Thursday,,,,,,,,,,
515,2019-05-31,Friday,,,,,,,,,,
516,2019-06-01,Saturday,,,,,,,,,,
517,2019-06-02,Sunday,,,,,,,,,,
518,2019-06-03,Monday,,,,,,,,,,
519,2019-06-04,Tuesday,,,,,,,,,,
520,2019-06-05,Wednesday,,,,,,,,,,
521,2019-06-06,Thursday,,,,,,,,,,
522,2019-06-07,Friday,,,,,,,,,,
523,2019-06-08,Saturday,,,,,,Dia de Portugal,,,,
524,2019-06-09,Sunday,,,,,Dia de Portugal,,,,,
525,2019-06-10,Monday,Dia de Portugal,,,,,,,,,
526,2019-06-11,Tuesday,,,Dia de Portugal,,,,,,,
527,2019-06-12,Wednesday,,,,Dia de Portugal,,,,,,
528,2019-06-13,Thursday,,,,,,,,,,
529,2019-06-14,Friday,,,,,,,,,,
530,2019-06-15,Saturday,,,,,,,,,,
531,2019-06-16,Sunday,,,,,,,,,,
532,2019-06-17,Monday,,,,,,,,,,Festas do Corpo de Deus
533,2019-06-18,Tuesday,,,,,,Corpo de Deus,,,Festas do Corpo de Deus,Festas do Corpo de Deus
534,2019-06-19,Wednesday,,Festas do Corpo de Deus,,,Corpo de Deus,,,,Festas do Corpo de Deus,
535,2019-06-20,Thursday,Corpo de Deus,Festas do Corpo de Deus,,,,,Festas do Corpo de Deus,,,
536,2019-06-21,Friday,,,Corpo de Deus,,,,Festas do Corpo de Deus,Festas do Corpo de Deus,,
537,2019-06-22,Saturday,,,,Corpo de Deus,,,,Festas do Corpo de Deus,,
538,2019-06-23,Sunday,,,,,,,,,,
539,2019-06-24,Monday,,,,,,,,,,
540,2019-06-25,Tuesday,,,,,,,,,,
541,2019-06-26,Wednesday,,,,,,,,,,
542,2019-06-27,Thursday,,,,,,,,,,
543,2019-06-28,Friday,,,,,,,,,,
544,2019-06-29,Saturday,,,,,,,,,,
545,2019-06-30,Sunday,,,,,,,,,,
546,2019-07-01,Monday,,,,,,,,,,
547,2019-07-02,Tuesday,,,,,,,,,,
548,2019-07-03,Wednesday,,,,,,,,,,
549,2019-07-04,Thursday,,,,,,,,,,
550,2019-07-05,Friday,,,,,,,,,,
551,2019-07-06,Saturday,,,,,,,,,,
552,2019-07-07,Sunday,,,,,,,,,,
553,2019-07-08,Monday,,,,,,,,,,
554,2019-07-09,Tuesday,,,,,,,,,,
555,2019-07-10,Wednesday,,,,,,,,,,
556,2019-07-11,Thursday,,,,,,,,,,
557,2019-07-12,Friday,,,,,,,,,,
558,2019-07-13,Saturday,,,,,,,,,,
559,2019-07-14,Sunday,,,,,,,,,,
560,2019-07-15,Monday,,,,,,,,,,
561,2019-07-16,Tuesday,,,,,,,,,,
562,2019-07-17,Wednesday,,,,,,,,,,
563,2019-07-18,Thursday,,,,,,,,,,
564,2019-07-19,Friday,,,,,,,,,,
565,2019-07-20,Saturday,,,,,,,,,,
566,2019-07-21,Sunday,,,,,,,,,,
567,2019-07-22,Monday,,,,,,,,,,
568,2019-07-23,Tuesday,,,,,,,,,,
569,2019-07-24,Wednesday,,,,,,,,,,
570,2019-07-25,Thursday,,,,,,,,,,
571,2019-07-26,Friday,,,,,,,,,,
572,2019-07-27,Saturday,,,,,,,,,,
573,2019-07-28,Sunday,,,,,,,,,,
574,2019-07-29,Monday,,,,,,,,,,
575,2019-07-30,Tuesday,,,,,,,,,,
576,2019-07-31,Wednesday,,,,,,,,,,
577,2019-08-01,Thursday,,,,,,,,,,
578,2019-08-02,Friday,,,,,,,,,,
579,2019-08-03,Saturday,,,,,,,,,,
580,2019-08-04,Sunday,,,,,,,,,,
581,2019-08-05,Monday,,,,,,,,,,
582,2019-08-06,Tuesday,,,,,,,,,,
583,2019-08-07,Wednesday,,,,,,,,,,
584,2019-08-08,Thursday,,,,,,,,,,
585,2019-08-09,Friday,,,,,,,,,,
586,2019-08-10,Saturday,,,,,,,,,,
587,2019-08-11,Sunday,,,,,,,,,,
588,2019-08-12,Monday,,,,,,,,,,
589,2019-08-13,Tuesday,,,,,,Assuncao de Nossa Senhora,,,,
590,2019-08-14,Wednesday,,,,,Assuncao de Nossa Senhora,,,,,
591,2019-08-15,Thursday,Assuncao de Nossa Senhora,,,,,,,,,
592,2019-08-16,Friday,,,Assuncao de Nossa Senhora,,,,,,,
593,2019-08-17,Saturday,,,,Assuncao de Nossa Senhora,,,,,,
594,2019-08-18,Sunday,,,,,,,,,,
595,2019-08-19,Monday,,,,,,,,,,
596,2019-08-20,Tuesday,,,,,,,,,,
597,2019-08-21,Wednesday,,,,,,,,,,Agrival
598,2019-08-22,Thursday,,,,,,,,,Agrival,Festas SBartolomeu
599,2019-08-23,Friday,,Agrival,,,,,,,Festas SBartolomeu,Agrival
600,2019-08-24,Saturday,,Festas SBartolomeu,,,,,Agrival,,Agrival,Agrival
601,2019-08-25,Sunday,,Agrival,,,,,Festas SBartolomeu,Agrival,Agrival,Agrival
602,2019-08-26,Monday,,Agrival,,,,,Agrival,Festas SBartolomeu,Agrival,Agrival
603,2019-08-27,Tuesday,,Agrival,,,,,Agrival,Agrival,Agrival,Agrival
604,2019-08-28,Wednesday,,Agrival,,,,,Agrival,Agrival,Agrival,Agrival
605,2019-08-29,Thursday,,Agrival,,,,,Agrival,Agrival,Agrival,Agrival
606,2019-08-30,Friday,,Agrival,,,,,Agrival,Agrival,Agrival,Agrival
607,2019-08-31,Saturday,,Agrival,,,,,Agrival,Agrival,Agrival,
608,2019-09-01,Sunday,,Agrival,,,,,Agrival,Agrival,,
609,2019-09-02,Monday,,,,,,,Agrival,Agrival,,
610,2019-09-03,Tuesday,,,,,,,,Agrival,,
611,2019-09-04,Wednesday,,,,,,,,,,
612,2019-09-05,Thursday,,,,,,,,,,
613,2019-09-06,Friday,,,,,,,,,,
614,2019-09-07,Saturday,,,,,,,,,,
615,2019-09-08,Sunday,,,,,,,,,,
616,2019-09-09,Monday,,,,,,,,,,
617,2019-09-10,Tuesday,,,,,,,,,,
618,2019-09-11,Wednesday,,,,,,,,,,
619,2019-09-12,Thursday,,,,,,,,,,
620,2019-09-13,Friday,,,,,,,,,,
621,2019-09-14,Saturday,,,,,,,,,,
622,2019-09-15,Sunday,,,,,,,,,,
623,2019-09-16,Monday,,,,,,,,,,
624,2019-09-17,Tuesday,,,,,,,,,,
625,2019-09-18,Wednesday,,,,,,,,,,
626,2019-09-19,Thursday,,,,,,,,,,
627,2019-09-20,Friday,,,,,,,,,,
628,2019-09-21,Saturday,,,,,,,,,,
629,2019-09-22,Sunday,,,,,,,,,,
630,2019-09-23,Monday,,,,,,,,,,
631,2019-09-24,Tuesday,,,,,,,,,,
632,2019-09-25,Wednesday,,,,,,,,,,
633,2019-09-26,Thursday,,,,,,,,,,
634,2019-09-27,Friday,,,,,,,,,,
635,2019-09-28,Saturday,,,,,,,,,,
636,2019-09-29,Sunday,,,,,,,,,,
637,2019-09-30,Monday,,,,,,,,,,
638,2019-10-01,Tuesday,,,,,,,,,,
639,2019-10-02,Wednesday,,,,,,,,,,
640,2019-10-03,Thursday,,,,,,Implantacao da Republica,,,,
641,2019-10-04,Friday,,,,,Implantacao da Republica,,,,,
642,2019-10-05,Saturday,Implantacao da Republica,,,,,,,,,
643,2019-10-06,Sunday,,,Implantacao da Republica,,,,,,,
644,2019-10-07,Monday,,,,Implantacao da Republica,,,,,,
645,2019-10-08,Tuesday,,,,,,,,,,
646,2019-10-09,Wednesday,,,,,,,,,,
647,2019-10-10,Thursday,,,,,,,,,,
648,2019-10-11,Friday,,,,,,,,,,
649,2019-10-12,Saturday,,,,,,,,,,
650,2019-10-13,Sunday,,,,,,,,,,
651,2019-10-14,Monday,,,,,,,,,,
652,2019-10-15,Tuesday,,,,,,,,,,
653,2019-10-16,Wednesday,,,,,,,,,,
654,2019-10-17,Thursday,,,,,,,,,,
655,2019-10-18,Friday,,,,,,,,,,
656,2019-10-19,Saturday,,,,,,,,,,
657,2019-10-20,Sunday,,,,,,,,,,
658,2019-10-21,Monday,,,,,,,,,,
659,2019-10-22,Tuesday,,,,,,,,,,
660,2019-10-23,Wednesday,,,,,,,,,,
661,2019-10-24,Thursday,,,,,,,,,,
662,2019-10-25,Friday,,,,,,,,,,
663,2019-10-26,Saturday,,,,,,,,,,
664,2019-10-27,Sunday,,,,,,,,,,
665,2019-10-28,Monday,,,,,,,,,,
666,2019-10-29,Tuesday,,,,,,,,,,
667,2019-10-30,Wednesday,,,,,,Dia de Todos os Santos,,,,
668,2019-10-31,Thursday,,,,,Dia de Todos os Santos,,,,,
669,2019-11-01,Friday,Dia de Todos os Santos,,,,,,,,,
670,2019-11-02,Saturday,,,Dia de Todos os Santos,,,,,,,
671,2019-11-03,Sunday,,,,Dia de Todos os Santos,,,,,,
672,2019-11-04,Monday,,,,,,,,,,
673,2019-11-05,Tuesday,,,,,,,,,,
674,2019-11-06,Wednesday,,,,,,,,,,
675,2019-11-07,Thursday,,,,,,,,,,
676,2019-11-08,Friday,,,,,,,,,,Festas S Martinho
677,2019-11-09,Saturday,,,,,,S Martinho,,,Festas S Martinho,Festas S Martinho
678,2019-11-10,Sunday,,Festas S Martinho,,,S Martinho,,,,Festas S Martinho,Festas S Martinho
679,2019-11-11,Monday,S Martinho,Festas S Martinho,,,,,Festas S Martinho,,Festas S Martinho,Festas S Martinho
680,2019-11-12,Tuesday,,Festas S Martinho,S Martinho,,,,Festas S Martinho,Festas S Martinho,Festas S Martinho,Festas S Martinho
681,2019-11-13,Wednesday,,Festas S Martinho,,S Martinho,,,Festas S Martinho,Festas S Martinho,Festas S Martinho,Festas S Martinho
682,2019-11-14,Thursday,,Festas S Martinho,,,,,Festas S Martinho,Festas S Martinho,Festas S Martinho,Festas S Martinho
683,2019-11-15,Friday,,Festas S Martinho,,,,,Festas S Martinho,Festas S Martinho,Festas S Martinho,Festas S Martinho
684,2019-11-16,Saturday,,Festas S Martinho,,,,,Festas S Martinho,Festas S Martinho,Festas S Martinho,Festas S Martinho
685,2019-11-17,Sunday,,Festas S Martinho,,,,,Festas S Martinho,Festas S Martinho,Festas S Martinho,Festas S Martinho
686,2019-11-18,Monday,,Festas S Martinho,,,,,Festas S Martinho,Festas S Martinho,Festas S Martinho,Festas S Martinho
687,2019-11-19,Tuesday,,Festas S Martinho,,,,,Festas S Martinho,Festas S Martinho,Festas S Martinho,
688,2019-11-20,Wednesday,,Festas S Martinho,,,,,Festas S Martinho,Festas S Martinho,,
689,2019-11-21,Thursday,,,,,,,Festas S Martinho,Festas S Martinho,,
690,2019-11-22,Friday,,,,,,,,Festas S Martinho,,
691,2019-11-23,Saturday,,,,,,,,,,
692,2019-11-24,Sunday,,,,,,,,,,
693,2019-11-25,Monday,,,,,,,,,,
694,2019-11-26,Tuesday,,,,,,,,,,
695,2019-11-27,Wednesday,,,,,,,,,,
696,2019-11-28,Thursday,,,,,,,,,,
697,2019-11-29,Friday,,,,,,Restauracao da independencia,,,,
698,2019-11-30,Saturday,,,,,Restauracao da independencia,,,,,
699,2019-12-01,Sunday,Restauracao da independencia,,,,,,,,,
700,2019-12-02,Monday,,,Restauracao da independencia,,,,,,,
701,2019-12-03,Tuesday,,,,Restauracao da independencia,,,,,,
702,2019-12-04,Wednesday,,,,,,,,,,
703,2019-12-05,Thursday,,,,,,,,,,
704,2019-12-06,Friday,,,,,,Dia da Imaculada Conceicao,,,,
705,2019-12-07,Saturday,,,,,Dia da Imaculada Conceicao,,,,,
706,2019-12-08,Sunday,Dia da Imaculada Conceicao,,,,,,,,,
707,2019-12-09,Monday,,,Dia da Imaculada Conceicao,,,,,,,
708,2019-12-10,Tuesday,,,,Dia da Imaculada Conceicao,,,,,,
709,2019-12-11,Wednesday,,,,,,,,,,
710,2019-12-12,Thursday,,,,,,,,,,
711,2019-12-13,Friday,,,,,,,,,,
712,2019-12-14,Saturday,,,,,,,,,,
713,2019-12-15,Sunday,,,,,,,,,,
714,2019-12-16,Monday,,,,,,,,,,
715,2019-12-17,Tuesday,,,,,,,,,,
716,2019-12-18,Wednesday,,,,,,,,,,
717,2019-12-19,Thursday,,,,,,,,,,
718,2019-12-20,Friday,,,,,,,,,,
719,2019-12-21,Saturday,,,,,,,,,,
720,2019-12-22,Sunday,,,,,,,,,,
721,2019-12-23,Monday,,,,,,Natal,,,,
722,2019-12-24,Tuesday,,,,,Natal,,,,,
723,2019-12-25,Wednesday,Natal,,,,,,,,,
724,2019-12-26,Thursday,,,Natal,,,,,,,
725,2019-12-27,Friday,,,,Natal,,,,,,
726,2019-12-28,Saturday,,,,,,,,,,
727,2019-12-29,Sunday,,,,,,,,,,
728,2019-12-30,Monday,,,,,,Ano Novo,,,,
729,2019-12-31,Tuesday,,,,,Ano Novo,,,,,
730,2020-01-01,Wednesday,Ano Novo,,,,,,,,,
731,2020-01-02,Thursday,,,Ano Novo,,,,,,,
732,2020-01-03,Friday,,,,Ano Novo,,,,,,
733,2020-01-04,Saturday,,,,,,,,,,
734,2020-01-05,Sunday,,,,,,,,,,
735,2020-01-06,Monday,,,,,,,,,,
736,2020-01-07,Tuesday,,,,,,,,,,
737,2020-01-08,Wednesday,,,,,,,,,,
738,2020-01-09,Thursday,,,,,,,,,,
739,2020-01-10,Friday,,,,,,,,,,
740,2020-01-11,Saturday,,,,,,,,,,
741,2020-01-12,Sunday,,,,,,,,,,
742,2020-01-13,Monday,,,,,,,,,,
743,2020-01-14,Tuesday,,,,,,,,,,
744,2020-01-15,Wednesday,,,,,,,,,,
745,2020-01-16,Thursday,,,,,,,,,,
746,2020-01-17,Friday,,,,,,,,,,
747,2020-01-18,Saturday,,,,,,,,,,
748,2020-01-19,Sunday,,,,,,,,,,
749,2020-01-20,Monday,,,,,,,,,,
750,2020-01-21,Tuesday,,,,,,,,,,
751,2020-01-22,Wednesday,,,,,,,,,,
752,2020-01-23,Thursday,,,,,,,,,,
753,2020-01-24,Friday,,,,,,,,,,
754,2020-01-25,Saturday,,,,,,,,,,
755,2020-01-26,Sunday,,,,,,,,,,
756,2020-01-27,Monday,,,,,,,,,,
757,2020-01-28,Tuesday,,,,,,,,,,
758,2020-01-29,Wednesday,,,,,,,,,,
759,2020-01-30,Thursday,,,,,,,,,,
760,2020-01-31,Friday,,,,,,,,,,
761,2020-02-01,Saturday,,,,,,,,,,
762,2020-02-02,Sunday,,,,,,,,,,
763,2020-02-03,Monday,,,,,,,,,,
764,2020-02-04,Tuesday,,,,,,,,,,
765,2020-02-05,Wednesday,,,,,,,,,,
766,2020-02-06,Thursday,,,,,,,,,,
767,2020-02-07,Friday,,,,,,,,,,
768,2020-02-08,Saturday,,,,,,,,,,
769,2020-02-09,Sunday,,,,,,,,,,
770,2020-02-10,Monday,,,,,,,,,,
771,2020-02-11,Tuesday,,,,,,,,,,
772,2020-02-12,Wednesday,,,,,,,,,,
773,2020-02-13,Thursday,,,,,,,,,,
774,2020-02-14,Friday,,,,,,,,,,
775,2020-02-15,Saturday,,,,,,,,,,
776,2020-02-16,Sunday,,,,,,,,,,
777,2020-02-17,Monday,,,,,,,,,,
778,2020-02-18,Tuesday,,,,,,,,,,
779,2020-02-19,Wednesday,,,,,,,,,,
780,2020-02-20,Thursday,,,,,,,,,,
781,2020-02-21,Friday,,,,,,,,,,
782,2020-02-22,Saturday,,,,,,,,,,
783,2020-02-23,Sunday,,,,,,Carnaval,,,,
784,2020-02-24,Monday,,,,,Carnaval,,,,,
785,2020-02-25,Tuesday,Carnaval,,,,,,,,,
786,2020-02-26,Wednesday,,,Carnaval,,,,,,,
787,2020-02-27,Thursday,,,,Carnaval,,,,,,
788,2020-02-28,Friday,,,,,,,,,,
789,2020-02-29,Saturday,,,,,,,,,,
790,2020-03-01,Sunday,,,,,,,,,,
791,2020-03-02,Monday,,,,,,,,,,
792,2020-03-03,Tuesday,,,,,,,,,,
793,2020-03-04,Wednesday,,,,,,,,,,
794,2020-03-05,Thursday,,,,,,,,,,
795,2020-03-06,Friday,,,,,,,,,,
796,2020-03-07,Saturday,,,,,,,,,,
797,2020-03-08,Sunday,,,,,,,,,,
798,2020-03-09,Monday,,,,,,,,,,
799,2020-03-10,Tuesday,,,,,,,,,,
800,2020-03-11,Wednesday,,,,,,,,,,
801,2020-03-12,Thursday,,,,,,,,,,
802,2020-03-13,Friday,,,,,,,,,,
803,2020-03-14,Saturday,,,,,,,,,,
804,2020-03-15,Sunday,,,,,,,,,,
805,2020-03-16,Monday,,,,,,,,,,
806,2020-03-17,Tuesday,,,,,,,,,,
807,2020-03-18,Wednesday,,,,,,,,,,
808,2020-03-19,Thursday,,,,,,,,,,
809,2020-03-20,Friday,,,,,,,,,,
810,2020-03-21,Saturday,,,,,,,,,,
811,2020-03-22,Sunday,,,,,,,,,,
812,2020-03-23,Monday,,,,,,,,,,
813,2020-03-24,Tuesday,,,,,,,,,,
814,2020-03-25,Wednesday,,,,,,,,,,
815,2020-03-26,Thursday,,,,,,,,,,
816,2020-03-27,Friday,,,,,,,,,,
817,2020-03-28,Saturday,,,,,,,,,,
818,2020-03-29,Sunday,,,,,,,,,,
819,2020-03-30,Monday,,,,,,,,,,
820,2020-03-31,Tuesday,,,,,,,,,,
821,2020-04-01,Wednesday,,,,,,,,,,
822,2020-04-02,Thursday,,,,,,,,,,
823,2020-04-03,Friday,,,,,,,,,,
824,2020-04-04,Saturday,,,,,,,,,,
825,2020-04-05,Sunday,,,,,,,,,,
826,2020-04-06,Monday,,,,,,,,,,
827,2020-04-07,Tuesday,,,,,,,,,,Endoencas
828,2020-04-08,Wednesday,,,,,,Sexta Feira Santa,,,Endoencas,
829,2020-04-09,Thursday,,Endoencas,,,Sexta Feira Santa,,,,,
830,2020-04-10,Friday,Sexta Feira Santa,,,,,Domingo de Pascoa,Endoencas,,,
831,2020-04-11,Saturday,,,Sexta Feira Santa,,Domingo de Pascoa,Segunda-feira de Pascoa,,Endoencas,,
832,2020-04-12,Sunday,Domingo de Pascoa,,,Sexta Feira Santa,Segunda-feira de Pascoa,,,,,
833,2020-04-13,Monday,Segunda-feira de Pascoa,,Domingo de Pascoa,,,,,,,
834,2020-04-14,Tuesday,,,Segunda-feira de Pascoa,Domingo de Pascoa,,,,,,
835,2020-04-15,Wednesday,,,,Segunda-feira de Pascoa,,,,,,
836,2020-04-16,Thursday,,,,,,,,,,
837,2020-04-17,Friday,,,,,,,,,,
838,2020-04-18,Saturday,,,,,,,,,,
839,2020-04-19,Sunday,,,,,,,,,,
840,2020-04-20,Monday,,,,,,,,,,
841,2020-04-21,Tuesday,,,,,,,,,,
842,2020-04-22,Wednesday,,,,,,,,,,
843,2020-04-23,Thursday,,,,,,Dia da liberdade,,,,
844,2020-04-24,Friday,,,,,Dia da liberdade,,,,,
845,2020-04-25,Saturday,Dia da liberdade,,,,,,,,,
846,2020-04-26,Sunday,,,Dia da liberdade,,,,,,,
847,2020-04-27,Monday,,,,Dia da liberdade,,,,,,
848,2020-04-28,Tuesday,,,,,,,,,,
849,2020-04-29,Wednesday,,,,,,Dia do Trabalhador,,,,
850,2020-04-30,Thursday,,,,,Dia do Trabalhador,,,,,
851,2020-05-01,Friday,Dia do Trabalhador,,,,,,,,,
852,2020-05-02,Saturday,,,Dia do Trabalhador,,,,,,,
853,2020-05-03,Sunday,,,,Dia do Trabalhador,,,,,,
854,2020-05-04,Monday,,,,,,,,,,
855,2020-05-05,Tuesday,,,,,,,,,,
856,2020-05-06,Wednesday,,,,,,,,,,
857,2020-05-07,Thursday,,,,,,,,,,
858,2020-05-08,Friday,,,,,,,,,,
859,2020-05-09,Saturday,,,,,,,,,,
860,2020-05-10,Sunday,,,,,,,,,,
861,2020-05-11,Monday,,,,,,,,,,
862,2020-05-12,Tuesday,,,,,,,,,,
863,2020-05-13,Wednesday,,,,,,,,,,
864,2020-05-14,Thursday,,,,,,,,,,
865,2020-05-15,Friday,,,,,,,,,,
866,2020-05-16,Saturday,,,,,,,,,,
867,2020-05-17,Sunday,,,,,,,,,,
868,2020-05-18,Monday,,,,,,,,,,
869,2020-05-19,Tuesday,,,,,,,,,,
870,2020-05-20,Wednesday,,,,,,,,,,
871,2020-05-21,Thursday,,,,,,,,,,
872,2020-05-22,Friday,,,,,,,,,,
873,2020-05-23,Saturday,,,,,,,,,,
874,2020-05-24,Sunday,,,,,,,,,,
875,2020-05-25,Monday,,,,,,,,,,
876,2020-05-26,Tuesday,,,,,,,,,,
877,2020-05-27,Wednesday,,,,,,,,,,
878,2020-05-28,Thursday,,,,,,,,,,
879,2020-05-29,Friday,,,,,,,,,,
880,2020-05-30,Saturday,,,,,,,,,,
881,2020-05-31,Sunday,,,,,,,,,,
882,2020-06-01,Monday,,,,,,,,,,
883,2020-06-02,Tuesday,,,,,,,,,,
884,2020-06-03,Wednesday,,,,,,,,,,
885,2020-06-04,Thursday,,,,,,,,,,
886,2020-06-05,Friday,,,,,,,,,,
887,2020-06-06,Saturday,,,,,,,,,,
888,2020-06-07,Sunday,,,,,,,,,,
889,2020-06-08,Monday,,,,,,Dia de Portugal,,,,Festas do Corpo de Deus
890,2020-06-09,Tuesday,,,,,Dia de Portugal,Corpo de Deus,,,Festas do Corpo de Deus,Festas do Corpo de Deus
891,2020-06-10,Wednesday,Dia de Portugal,Festas do Corpo de Deus,,,Corpo de Deus,,,,Festas do Corpo de Deus,
892,2020-06-11,Thursday,Corpo de Deus,Festas do Corpo de Deus,Dia de Portugal,,,,Festas do Corpo de Deus,,,
893,2020-06-12,Friday,,,Corpo de Deus,Dia de Portugal,,,Festas do Corpo de Deus,Festas do Corpo de Deus,,
894,2020-06-13,Saturday,,,,Corpo de Deus,,,,Festas do Corpo de Deus,,
895,2020-06-14,Sunday,,,,,,,,,,
896,2020-06-15,Monday,,,,,,,,,,
897,2020-06-16,Tuesday,,,,,,,,,,
898,2020-06-17,Wednesday,,,,,,,,,,
899,2020-06-18,Thursday,,,,,,,,,,
900,2020-06-19,Friday,,,,,,,,,,
901,2020-06-20,Saturday,,,,,,,,,,
902,2020-06-21,Sunday,,,,,,,,,,
903,2020-06-22,Monday,,,,,,,,,,
904,2020-06-23,Tuesday,,,,,,,,,,
905,2020-06-24,Wednesday,,,,,,,,,,
906,2020-06-25,Thursday,,,,,,,,,,
907,2020-06-26,Friday,,,,,,,,,,
908,2020-06-27,Saturday,,,,,,,,,,
909,2020-06-28,Sunday,,,,,,,,,,
910,2020-06-29,Monday,,,,,,,,,,
911,2020-06-30,Tuesday,,,,,,,,,,
912,2020-07-01,Wednesday,,,,,,,,,,
913,2020-07-02,Thursday,,,,,,,,,,
914,2020-07-03,Friday,,,,,,,,,,
915,2020-07-04,Saturday,,,,,,,,,,
916,2020-07-05,Sunday,,,,,,,,,,
917,2020-07-06,Monday,,,,,,,,,,
918,2020-07-07,Tuesday,,,,,,,,,,
919,2020-07-08,Wednesday,,,,,,,,,,
920,2020-07-09,Thursday,,,,,,,,,,
921,2020-07-10,Friday,,,,,,,,,,
922,2020-07-11,Saturday,,,,,,,,,,
923,2020-07-12,Sunday,,,,,,,,,,
924,2020-07-13,Monday,,,,,,,,,,
925,2020-07-14,Tuesday,,,,,,,,,,
926,2020-07-15,Wednesday,,,,,,,,,,
927,2020-07-16,Thursday,,,,,,,,,,
928,2020-07-17,Friday,,,,,,,,,,
929,2020-07-18,Saturday,,,,,,,,,,
930,2020-07-19,Sunday,,,,,,,,,,
931,2020-07-20,Monday,,,,,,,,,,
932,2020-07-21,Tuesday,,,,,,,,,,
933,2020-07-22,Wednesday,,,,,,,,,,
934,2020-07-23,Thursday,,,,,,,,,,
935,2020-07-24,Friday,,,,,,,,,,
936,2020-07-25,Saturday,,,,,,,,,,
937,2020-07-26,Sunday,,,,,,,,,,
938,2020-07-27,Monday,,,,,,,,,,
939,2020-07-28,Tuesday,,,,,,,,,,
940,2020-07-29,Wednesday,,,,,,,,,,
941,2020-07-30,Thursday,,,,,,,,,,
942,2020-07-31,Friday,,,,,,,,,,
943,2020-08-01,Saturday,,,,,,,,,,
944,2020-08-02,Sunday,,,,,,,,,,
945,2020-08-03,Monday,,,,,,,,,,
946,2020-08-04,Tuesday,,,,,,,,,,
947,2020-08-05,Wednesday,,,,,,,,,,
948,2020-08-06,Thursday,,,,,,,,,,
949,2020-08-07,Friday,,,,,,,,,,
950,2020-08-08,Saturday,,,,,,,,,,
951,2020-08-09,Sunday,,,,,,,,,,
952,2020-08-10,Monday,,,,,,,,,,
953,2020-08-11,Tuesday,,,,,,,,,,
954,2020-08-12,Wednesday,,,,,,,,,,
955,2020-08-13,Thursday,,,,,,Assuncao de Nossa Senhora,,,,
956,2020-08-14,Friday,,,,,Assuncao de Nossa Senhora,,,,,
957,2020-08-15,Saturday,Assuncao de Nossa Senhora,,,,,,,,,
958,2020-08-16,Sunday,,,Assuncao de Nossa Senhora,,,,,,,
959,2020-08-17,Monday,,,,Assuncao de Nossa Senhora,,,,,,
960,2020-08-18,Tuesday,,,,,,,,,,
961,2020-08-19,Wednesday,,,,,,,,,,
962,2020-08-20,Thursday,,,,,,,,,,
963,2020-08-21,Friday,,,,,,,,,,
964,2020-08-22,Saturday,,,,,,,,,,Festas SBartolomeu
965,2020-08-23,Sunday,,,,,,,,,Festas SBartolomeu,
966,2020-08-24,Monday,,Festas SBartolomeu,,,,,,,,
967,2020-08-25,Tuesday,,,,,,,Festas SBartolomeu,,,
968,2020-08-26,Wednesday,,,,,,,,Festas SBartolomeu,,
969,2020-08-27,Thursday,,,,,,,,,,
970,2020-08-28,Friday,,,,,,,,,,
971,2020-08-29,Saturday,,,,,,,,,,
972,2020-08-30,Sunday,,,,,,,,,,
973,2020-08-31,Monday,,,,,,,,,,
974,2020-09-01,Tuesday,,,,,,,,,,
975,2020-09-02,Wednesday,,,,,,,,,,
976,2020-09-03,Thursday,,,,,,,,,,
977,2020-09-04,Friday,,,,,,,,,,
978,2020-09-05,Saturday,,,,,,,,,,
979,2020-09-06,Sunday,,,,,,,,,,
980,2020-09-07,Monday,,,,,,,,,,
981,2020-09-08,Tuesday,,,,,,,,,,
982,2020-09-09,Wednesday,,,,,,,,,,
983,2020-09-10,Thursday,,,,,,,,,,
984,2020-09-11,Friday,,,,,,,,,,
985,2020-09-12,Saturday,,,,,,,,,,
986,2020-09-13,Sunday,,,,,,,,,,
987,2020-09-14,Monday,,,,,,,,,,
988,2020-09-15,Tuesday,,,,,,,,,,
989,2020-09-16,Wednesday,,,,,,,,,,
990,2020-09-17,Thursday,,,,,,,,,,
991,2020-09-18,Friday,,,,,,,,,,
992,2020-09-19,Saturday,,,,,,,,,,
993,2020-09-20,Sunday,,,,,,,,,,
994,2020-09-21,Monday,,,,,,,,,,
995,2020-09-22,Tuesday,,,,,,,,,,
996,2020-09-23,Wednesday,,,,,,,,,,
997,2020-09-24,Thursday,,,,,,,,,,
998,2020-09-25,Friday,,,,,,,,,,
999,2020-09-26,Saturday,,,,,,,,,,
1000,2020-09-27,Sunday,,,,,,,,,,
1001,2020-09-28,Monday,,,,,,,,,,
1002,2020-09-29,Tuesday,,,,,,,,,,
1003,2020-09-30,Wednesday,,,,,,,,,,
1004,2020-10-01,Thursday,,,,,,,,,,
1005,2020-10-02,Friday,,,,,,,,,,
1006,2020-10-03,Saturday,,,,,,Implantacao da Republica,,,,
1007,2020-10-04,Sunday,,,,,Implantacao da Republica,,,,,
1008,2020-10-05,Monday,Implantacao da Republica,,,,,,,,,
1009,2020-10-06,Tuesday,,,Implantacao da Republica,,,,,,,
1010,2020-10-07,Wednesday,,,,Implantacao da Republica,,,,,,
1011,2020-10-08,Thursday,,,,,,,,,,
1012,2020-10-09,Friday,,,,,,,,,,
1013,2020-10-10,Saturday,,,,,,,,,,
1014,2020-10-11,Sunday,,,,,,,,,,
1015,2020-10-12,Monday,,,,,,,,,,
1016,2020-10-13,Tuesday,,,,,,,,,,
1017,2020-10-14,Wednesday,,,,,,,,,,
1018,2020-10-15,Thursday,,,,,,,,,,
1019,2020-10-16,Friday,,,,,,,,,,
1020,2020-10-17,Saturday,,,,,,,,,,
1021,2020-10-18,Sunday,,,,,,,,,,
1022,2020-10-19,Monday,,,,,,,,,,
1023,2020-10-20,Tuesday,,,,,,,,,,
1024,2020-10-21,Wednesday,,,,,,,,,,
1025,2020-10-22,Thursday,,,,,,,,,,
1026,2020-10-23,Friday,,,,,,,,,,
1027,2020-10-24,Saturday,,,,,,,,,,
1028,2020-10-25,Sunday,,,,,,,,,,
1029,2020-10-26,Monday,,,,,,,,,,
1030,2020-10-27,Tuesday,,,,,,,,,,
1031,2020-10-28,Wednesday,,,,,,,,,,
1032,2020-10-29,Thursday,,,,,,,,,,
1033,2020-10-30,Friday,,,,,,Dia de Todos os Santos,,,,
1034,2020-10-31,Saturday,,,,,Dia de Todos os Santos,,,,,
1035,2020-11-01,Sunday,Dia de Todos os Santos,,,,,,,,,
1036,2020-11-02,Monday,,,Dia de Todos os Santos,,,,,,,
1037,2020-11-03,Tuesday,,,,Dia de Todos os Santos,,,,,,
1038,2020-11-04,Wednesday,,,,,,,,,,
1039,2020-11-05,Thursday,,,,,,,,,,
1040,2020-11-06,Friday,,,,,,,,,,
1041,2020-11-07,Saturday,,,,,,,,,,
1042,2020-11-08,Sunday,,,,,,,,,,Festas S Martinho
1043,2020-11-09,Monday,,,,,,S Martinho,,,Festas S Martinho,Festas S Martinho
1044,2020-11-10,Tuesday,,Festas S Martinho,,,S Martinho,,,,Festas S Martinho,Festas S Martinho
1045,2020-11-11,Wednesday,S Martinho,Festas S Martinho,,,,,Festas S Martinho,,Festas S Martinho,Festas S Martinho
1046,2020-11-12,Thursday,,Festas S Martinho,S Martinho,,,,Festas S Martinho,Festas S Martinho,Festas S Martinho,Festas S Martinho
1047,2020-11-13,Friday,,Festas S Martinho,,S Martinho,,,Festas S Martinho,Festas S Martinho,Festas S Martinho,Festas S Martinho
1048,2020-11-14,Saturday,,Festas S Martinho,,,,,Festas S Martinho,Festas S Martinho,Festas S Martinho,Festas S Martinho
1049,2020-11-15,Sunday,,Festas S Martinho,,,,,Festas S Martinho,Festas S Martinho,Festas S Martinho,Festas S Martinho
1050,2020-11-16,Monday,,Festas S Martinho,,,,,Festas S Martinho,Festas S Martinho,Festas S Martinho,Festas S Martinho
1051,2020-11-17,Tuesday,,Festas S Martinho,,,,,Festas S Martinho,Festas S Martinho,Festas S Martinho,Festas S Martinho
1052,2020-11-18,Wednesday,,Festas S Martinho,,,,,Festas S Martinho,Festas S Martinho,Festas S Martinho,Festas S Martinho
1053,2020-11-19,Thursday,,Festas S Martinho,,,,,Festas S Martinho,Festas S Martinho,Festas S Martinho,
1054,2020-11-20,Friday,,Festas S Martinho,,,,,Festas S Martinho,Festas S Martinho,,
1055,2020-11-21,Saturday,,,,,,,Festas S Martinho,Festas S Martinho,,
1056,2020-11-22,Sunday,,,,,,,,Festas S Martinho,,
1057,2020-11-23,Monday,,,,,,,,,,
1058,2020-11-24,Tuesday,,,,,,,,,,
1059,2020-11-25,Wednesday,,,,,,,,,,
1060,2020-11-26,Thursday,,,,,,,,,,
1061,2020-11-27,Friday,,,,,,,,,,
1062,2020-11-28,Saturday,,,,,,,,,,
1063,2020-11-29,Sunday,,,,,,Restauracao da independencia,,,,
1064,2020-11-30,Monday,,,,,Restauracao da independencia,,,,,
1065,2020-12-01,Tuesday,Restauracao da independencia,,,,,,,,,
1066,2020-12-02,Wednesday,,,Restauracao da independencia,,,,,,,
1067,2020-12-03,Thursday,,,,Restauracao da independencia,,,,,,
1068,2020-12-04,Friday,,,,,,,,,,
1069,2020-12-05,Saturday,,,,,,,,,,
1070,2020-12-06,Sunday,,,,,,Dia da Imaculada Conceicao,,,,
1071,2020-12-07,Monday,,,,,Dia da Imaculada Conceicao,,,,,
1072,2020-12-08,Tuesday,Dia da Imaculada Conceicao,,,,,,,,,
1073,2020-12-09,Wednesday,,,Dia da Imaculada Conceicao,,,,,,,
1074,2020-12-10,Thursday,,,,Dia da Imaculada Conceicao,,,,,,
1075,2020-12-11,Friday,,,,,,,,,,
1076,2020-12-12,Saturday,,,,,,,,,,
1077,2020-12-13,Sunday,,,,,,,,,,
1078,2020-12-14,Monday,,,,,,,,,,
1079,2020-12-15,Tuesday,,,,,,,,,,
1080,2020-12-16,Wednesday,,,,,,,,,,
1081,2020-12-17,Thursday,,,,,,,,,,
1082,2020-12-18,Friday,,,,,,,,,,
1083,2020-12-19,Saturday,,,,,,,,,,
1084,2020-12-20,Sunday,,,,,,,,,,
1085,2020-12-21,Monday,,,,,,,,,,
1086,2020-12-22,Tuesday,,,,,,,,,,
1087,2020-12-23,Wednesday,,,,,,Natal,,,,
1088,2020-12-24,Thursday,,,,,Natal,,,,,
1089,2020-12-25,Friday,Natal,,,,,,,,,
1090,2020-12-26,Saturday,,,Natal,,,,,,,
1091,2020-12-27,Sunday,,,,Natal,,,,,,
1092,2020-12-28,Monday,,,,,,,,,,
1093,2020-12-29,Tuesday,,,,,,,,,,
1094,2020-12-30,Wednesday,,,,,,Ano Novo,,,,
1095,2020-12-31,Thursday,,,,,Ano Novo,,,,,
1096,2021-01-01,Friday,Ano Novo,,,,,,,,,
1097,2021-01-02,Saturday,,,Ano Novo,,,,,,,
1098,2021-01-03,Sunday,,,,Ano Novo,,,,,,
1099,2021-01-04,Monday,,,,,,,,,,
1100,2021-01-05,Tuesday,,,,,,,,,,
1101,2021-01-06,Wednesday,,,,,,,,,,
1102,2021-01-07,Thursday,,,,,,,,,,
1103,2021-01-08,Friday,,,,,,,,,,
1104,2021-01-09,Saturday,,,,,,,,,,
1105,2021-01-10,Sunday,,,,,,,,,,
1106,2021-01-11,Monday,,,,,,,,,,
1107,2021-01-12,Tuesday,,,,,,,,,,
1108,2021-01-13,Wednesday,,,,,,,,,,
1109,2021-01-14,Thursday,,,,,,,,,,
1110,2021-01-15,Friday,,,,,,,,,,
1111,2021-01-16,Saturday,,,,,,,,,,
1112,2021-01-17,Sunday,,,,,,,,,,
1113,2021-01-18,Monday,,,,,,,,,,
1114,2021-01-19,Tuesday,,,,,,,,,,
1115,2021-01-20,Wednesday,,,,,,,,,,
1116,2021-01-21,Thursday,,,,,,,,,,
1117,2021-01-22,Friday,,,,,,,,,,
1118,2021-01-23,Saturday,,,,,,,,,,
1119,2021-01-24,Sunday,,,,,,,,,,
1120,2021-01-25,Monday,,,,,,,,,,
1121,2021-01-26,Tuesday,,,,,,,,,,
1122,2021-01-27,Wednesday,,,,,,,,,,
1123,2021-01-28,Thursday,,,,,,,,,,
1124,2021-01-29,Friday,,,,,,,,,,
1125,2021-01-30,Saturday,,,,,,,,,,
1126,2021-01-31,Sunday,,,,,,,,,,
1127,2021-02-01,Monday,,,,,,,,,,
1128,2021-02-02,Tuesday,,,,,,,,,,
1129,2021-02-03,Wednesday,,,,,,,,,,
1130,2021-02-04,Thursday,,,,,,,,,,
1131,2021-02-05,Friday,,,,,,,,,,
1132,2021-02-06,Saturday,,,,,,,,,,
1133,2021-02-07,Sunday,,,,,,,,,,
1134,2021-02-08,Monday,,,,,,,,,,
1135,2021-02-09,Tuesday,,,,,,,,,,
1136,2021-02-10,Wednesday,,,,,,,,,,
1137,2021-02-11,Thursday,,,,,,,,,,
1138,2021-02-12,Friday,,,,,,,,,,
1139,2021-02-13,Saturday,,,,,,,,,,
1140,2021-02-14,Sunday,,,,,,Carnaval,,,,
1141,2021-02-15,Monday,,,,,Carnaval,,,,,
1142,2021-02-16,Tuesday,Carnaval,,,,,,,,,
1143,2021-02-17,Wednesday,,,Carnaval,,,,,,,
1144,2021-02-18,Thursday,,,,Carnaval,,,,,,
1145,2021-02-19,Friday,,,,,,,,,,
1146,2021-02-20,Saturday,,,,,,,,,,
1147,2021-02-21,Sunday,,,,,,,,,,
1148,2021-02-22,Monday,,,,,,,,,,
1149,2021-02-23,Tuesday,,,,,,,,,,
1150,2021-02-24,Wednesday,,,,,,,,,,
1151,2021-02-25,Thursday,,,,,,,,,,
1152,2021-02-26,Friday,,,,,,,,,,
1153,2021-02-27,Saturday,,,,,,,,,,
1154,2021-02-28,Sunday,,,,,,,,,,
1155,2021-03-01,Monday,,,,,,,,,,
1156,2021-03-02,Tuesday,,,,,,,,,,
1157,2021-03-03,Wednesday,,,,,,,,,,
1158,2021-03-04,Thursday,,,,,,,,,,
1159,2021-03-05,Friday,,,,,,,,,,
1160,2021-03-06,Saturday,,,,,,,,,,
1161,2021-03-07,Sunday,,,,,,,,,,
1162,2021-03-08,Monday,,,,,,,,,,
1163,2021-03-09,Tuesday,,,,,,,,,,
1164,2021-03-10,Wednesday,,,,,,,,,,
1165,2021-03-11,Thursday,,,,,,,,,,
1166,2021-03-12,Friday,,,,,,,,,,
1167,2021-03-13,Saturday,,,,,,,,,,
1168,2021-03-14,Sunday,,,,,,,,,,
1169,2021-03-15,Monday,,,,,,,,,,
1170,2021-03-16,Tuesday,,,,,,,,,,
1171,2021-03-17,Wednesday,,,,,,,,,,
1172,2021-03-18,Thursday,,,,,,,,,,
1173,2021-03-19,Friday,,,,,,,,,,
1174,2021-03-20,Saturday,,,,,,,,,,
1175,2021-03-21,Sunday,,,,,,,,,,
1176,2021-03-22,Monday,,,,,,,,,,
1177,2021-03-23,Tuesday,,,,,,,,,,
1178,2021-03-24,Wednesday,,,,,,,,,,
1179,2021-03-25,Thursday,,,,,,,,,,
1180,2021-03-26,Friday,,,,,,,,,,
1181,2021-03-27,Saturday,,,,,,,,,,
1182,2021-03-28,Sunday,,,,,,,,,,
1183,2021-03-29,Monday,,,,,,,,,,
1184,2021-03-30,Tuesday,,,,,,,,,,Endoencas
1185,2021-03-31,Wednesday,,,,,,Sexta Feira Santa,,,Endoencas,
1186,2021-04-01,Thursday,,Endoencas,,,Sexta Feira Santa,,,,,
1187,2021-04-02,Friday,Sexta Feira Santa,,,,,Domingo de Pascoa,Endoencas,,,
1188,2021-04-03,Saturday,,,Sexta Feira Santa,,Domingo de Pascoa,Segunda-feira de Pascoa,,Endoencas,,
1189,2021-04-04,Sunday,Domingo de Pascoa,,,Sexta Feira Santa,Segunda-feira de Pascoa,,,,,
1190,2021-04-05,Monday,Segunda-feira de Pascoa,,Domingo de Pascoa,,,,,,,
1191,2021-04-06,Tuesday,,,Segunda-feira de Pascoa,Domingo de Pascoa,,,,,,
1192,2021-04-07,Wednesday,,,,Segunda-feira de Pascoa,,,,,,
1193,2021-04-08,Thursday,,,,,,,,,,
1194,2021-04-09,Friday,,,,,,,,,,
1195,2021-04-10,Saturday,,,,,,,,,,
1196,2021-04-11,Sunday,,,,,,,,,,
1197,2021-04-12,Monday,,,,,,,,,,
1198,2021-04-13,Tuesday,,,,,,,,,,
1199,2021-04-14,Wednesday,,,,,,,,,,
1200,2021-04-15,Thursday,,,,,,,,,,
1201,2021-04-16,Friday,,,,,,,,,,
1202,2021-04-17,Saturday,,,,,,,,,,
1203,2021-04-18,Sunday,,,,,,,,,,
1204,2021-04-19,Monday,,,,,,,,,,
1205,2021-04-20,Tuesday,,,,,,,,,,
1206,2021-04-21,Wednesday,,,,,,,,,,
1207,2021-04-22,Thursday,,,,,,,,,,
1208,2021-04-23,Friday,,,,,,Dia da liberdade,,,,
1209,2021-04-24,Saturday,,,,,Dia da liberdade,,,,,
1210,2021-04-25,Sunday,Dia da liberdade,,,,,,,,,
1211,2021-04-26,Monday,,,Dia da liberdade,,,,,,,
1212,2021-04-27,Tuesday,,,,Dia da liberdade,,,,,,
1213,2021-04-28,Wednesday,,,,,,,,,,
1214,2021-04-29,Thursday,,,,,,Dia do Trabalhador,,,,
1215,2021-04-30,Friday,,,,,Dia do Trabalhador,,,,,
1216,2021-05-01,Saturday,Dia do Trabalhador,,,,,,,,,
1217,2021-05-02,Sunday,,,Dia do Trabalhador,,,,,,,
1218,2021-05-03,Monday,,,,Dia do Trabalhador,,,,,,
1219,2021-05-04,Tuesday,,,,,,,,,,
1220,2021-05-05,Wednesday,,,,,,,,,,
1221,2021-05-06,Thursday,,,,,,,,,,
1222,2021-05-07,Friday,,,,,,,,,,
1223,2021-05-08,Saturday,,,,,,,,,,
1224,2021-05-09,Sunday,,,,,,,,,,
1225,2021-05-10,Monday,,,,,,,,,,
1226,2021-05-11,Tuesday,,,,,,,,,,
1227,2021-05-12,Wednesday,,,,,,,,,,
1228,2021-05-13,Thursday,,,,,,,,,,
1229,2021-05-14,Friday,,,,,,,,,,
1230,2021-05-15,Saturday,,,,,,,,,,
1231,2021-05-16,Sunday,,,,,,,,,,
1232,2021-05-17,Monday,,,,,,,,,,
1233,2021-05-18,Tuesday,,,,,,,,,,
1234,2021-05-19,Wednesday,,,,,,,,,,
1235,2021-05-20,Thursday,,,,,,,,,,
1236,2021-05-21,Friday,,,,,,,,,,
1237,2021-05-22,Saturday,,,,,,,,,,
1238,2021-05-23,Sunday,,,,,,,,,,
1239,2021-05-24,Monday,,,,,,,,,,
1240,2021-05-25,Tuesday,,,,,,,,,,
1241,2021-05-26,Wednesday,,,,,,,,,,
1242,2021-05-27,Thursday,,,,,,,,,,
1243,2021-05-28,Friday,,,,,,,,,,
1244,2021-05-29,Saturday,,,,,,,,,,
1245,2021-05-30,Sunday,,,,,,,,,,
1246,2021-05-31,Monday,,,,,,,,,,Festas do Corpo de Deus
1247,2021-06-01,Tuesday,,,,,,Corpo de Deus,,,Festas do Corpo de Deus,Festas do Corpo de Deus
1248,2021-06-02,Wednesday,,Festas do Corpo de Deus,,,Corpo de Deus,,,,Festas do Corpo de Deus,
1249,2021-06-03,Thursday,Corpo de Deus,Festas do Corpo de Deus,,,,,Festas do Corpo de Deus,,,
1250,2021-06-04,Friday,,,Corpo de Deus,,,,Festas do Corpo de Deus,Festas do Corpo de Deus,,
1251,2021-06-05,Saturday,,,,Corpo de Deus,,,,Festas do Corpo de Deus,,
1252,2021-06-06,Sunday,,,,,,,,,,
1253,2021-06-07,Monday,,,,,,,,,,
1254,2021-06-08,Tuesday,,,,,,Dia de Portugal,,,,
1255,2021-06-09,Wednesday,,,,,Dia de Portugal,,,,,
1256,2021-06-10,Thursday,Dia de Portugal,,,,,,,,,
1257,2021-06-11,Friday,,,Dia de Portugal,,,,,,,
1258,2021-06-12,Saturday,,,,Dia de Portugal,,,,,,
1259,2021-06-13,Sunday,,,,,,,,,,
1260,2021-06-14,Monday,,,,,,,,,,
1261,2021-06-15,Tuesday,,,,,,,,,,
1262,2021-06-16,Wednesday,,,,,,,,,,
1263,2021-06-17,Thursday,,,,,,,,,,
1264,2021-06-18,Friday,,,,,,,,,,
1265,2021-06-19,Saturday,,,,,,,,,,
1266,2021-06-20,Sunday,,,,,,,,,,
1267,2021-06-21,Monday,,,,,,,,,,
1268,2021-06-22,Tuesday,,,,,,,,,,
1269,2021-06-23,Wednesday,,,,,,,,,,
1270,2021-06-24,Thursday,,,,,,,,,,
1271,2021-06-25,Friday,,,,,,,,,,
1272,2021-06-26,Saturday,,,,,,,,,,
1273,2021-06-27,Sunday,,,,,,,,,,
1274,2021-06-28,Monday,,,,,,,,,,
1275,2021-06-29,Tuesday,,,,,,,,,,
1276,2021-06-30,Wednesday,,,,,,,,,,
1277,2021-07-01,Thursday,,,,,,,,,,
1278,2021-07-02,Friday,,,,,,,,,,
1279,2021-07-03,Saturday,,,,,,,,,,
1280,2021-07-04,Sunday,,,,,,,,,,
1281,2021-07-05,Monday,,,,,,,,,,
1282,2021-07-06,Tuesday,,,,,,,,,,
1283,2021-07-07,Wednesday,,,,,,,,,,
1284,2021-07-08,Thursday,,,,,,,,,,
1285,2021-07-09,Friday,,,,,,,,,,
1286,2021-07-10,Saturday,,,,,,,,,,
1287,2021-07-11,Sunday,,,,,,,,,,
1288,2021-07-12,Monday,,,,,,,,,,
1289,2021-07-13,Tuesday,,,,,,,,,,
1290,2021-07-14,Wednesday,,,,,,,,,,
1291,2021-07-15,Thursday,,,,,,,,,,
1292,2021-07-16,Friday,,,,,,,,,,
1293,2021-07-17,Saturday,,,,,,,,,,
1294,2021-07-18,Sunday,,,,,,,,,,
1295,2021-07-19,Monday,,,,,,,,,,
1296,2021-07-20,Tuesday,,,,,,,,,,
1297,2021-07-21,Wednesday,,,,,,,,,,
1298,2021-07-22,Thursday,,,,,,,,,,
1299,2021-07-23,Friday,,,,,,,,,,
1300,2021-07-24,Saturday,,,,,,,,,,
1301,2021-07-25,Sunday,,,,,,,,,,
1302,2021-07-26,Monday,,,,,,,,,,
1303,2021-07-27,Tuesday,,,,,,,,,,
1304,2021-07-28,Wednesday,,,,,,,,,,
1305,2021-07-29,Thursday,,,,,,,,,,
1306,2021-07-30,Friday,,,,,,,,,,
1307,2021-07-31,Saturday,,,,,,,,,,
1308,2021-08-01,Sunday,,,,,,,,,,
1309,2021-08-02,Monday,,,,,,,,,,
1310,2021-08-03,Tuesday,,,,,,,,,,
1311,2021-08-04,Wednesday,,,,,,,,,,
1312,2021-08-05,Thursday,,,,,,,,,,
1313,2021-08-06,Friday,,,,,,,,,,
1314,2021-08-07,Saturday,,,,,,,,,,
1315,2021-08-08,Sunday,,,,,,,,,,
1316,2021-08-09,Monday,,,,,,,,,,
1317,2021-08-10,Tuesday,,,,,,,,,,
1318,2021-08-11,Wednesday,,,,,,,,,,
1319,2021-08-12,Thursday,,,,,,,,,,
1320,2021-08-13,Friday,,,,,,Assuncao de Nossa Senhora,,,,
1321,2021-08-14,Saturday,,,,,Assuncao de Nossa Senhora,,,,,
1322,2021-08-15,Sunday,Assuncao de Nossa Senhora,,,,,,,,,
1323,2021-08-16,Monday,,,Assuncao de Nossa Senhora,,,,,,,
1324,2021-08-17,Tuesday,,,,Assuncao de Nossa Senhora,,,,,,
1325,2021-08-18,Wednesday,,,,,,,,,,
1326,2021-08-19,Thursday,,,,,,,,,,
1327,2021-08-20,Friday,,,,,,,,,,
1328,2021-08-21,Saturday,,,,,,,,,,
1329,2021-08-22,Sunday,,,,,,,,,,Festas SBartolomeu
1330,2021-08-23,Monday,,,,,,,,,Festas SBartolomeu,
1331,2021-08-24,Tuesday,,Festas SBartolomeu,,,,,,,,
1332,2021-08-25,Wednesday,,,,,,,Festas SBartolomeu,,,
1333,2021-08-26,Thursday,,,,,,,,Festas SBartolomeu,,
1334,2021-08-27,Friday,,,,,,,,,,
1335,2021-08-28,Saturday,,,,,,,,,,
1336,2021-08-29,Sunday,,,,,,,,,,
1337,2021-08-30,Monday,,,,,,,,,,
1338,2021-08-31,Tuesday,,,,,,,,,,
1339,2021-09-01,Wednesday,,,,,,,,,,
1340,2021-09-02,Thursday,,,,,,,,,,
1341,2021-09-03,Friday,,,,,,,,,,
1342,2021-09-04,Saturday,,,,,,,,,,
1343,2021-09-05,Sunday,,,,,,,,,,
1344,2021-09-06,Monday,,,,,,,,,,
1345,2021-09-07,Tuesday,,,,,,,,,,
1346,2021-09-08,Wednesday,,,,,,,,,,
1347,2021-09-09,Thursday,,,,,,,,,,
1348,2021-09-10,Friday,,,,,,,,,,
1349,2021-09-11,Saturday,,,,,,,,,,
1350,2021-09-12,Sunday,,,,,,,,,,
1351,2021-09-13,Monday,,,,,,,,,,
1352,2021-09-14,Tuesday,,,,,,,,,,
1353,2021-09-15,Wednesday,,,,,,,,,,
1354,2021-09-16,Thursday,,,,,,,,,,
1355,2021-09-17,Friday,,,,,,,,,,
1356,2021-09-18,Saturday,,,,,,,,,,
1357,2021-09-19,Sunday,,,,,,,,,,
1358,2021-09-20,Monday,,,,,,,,,,
1359,2021-09-21,Tuesday,,,,,,,,,,
1360,2021-09-22,Wednesday,,,,,,,,,,
1361,2021-09-23,Thursday,,,,,,,,,,
1362,2021-09-24,Friday,,,,,,,,,,
1363,2021-09-25,Saturday,,,,,,,,,,
1364,2021-09-26,Sunday,,,,,,,,,,
1365,2021-09-27,Monday,,,,,,,,,,
1366,2021-09-28,Tuesday,,,,,,,,,,
1367,2021-09-29,Wednesday,,,,,,,,,,
1368,2021-09-30,Thursday,,,,,,,,,,
1369,2021-10-01,Friday,,,,,,,,,,
1370,2021-10-02,Saturday,,,,,,,,,,
1371,2021-10-03,Sunday,,,,,,Implantacao da Republica,,,,
1372,2021-10-04,Monday,,,,,Implantacao da Republica,,,,,
1373,2021-10-05,Tuesday,Implantacao da Republica,,,,,,,,,
1374,2021-10-06,Wednesday,,,Implantacao da Republica,,,,,,,
1375,2021-10-07,Thursday,,,,Implantacao da Republica,,,,,,
1376,2021-10-08,Friday,,,,,,,,,,
1377,2021-10-09,Saturday,,,,,,,,,,
1378,2021-10-10,Sunday,,,,,,,,,,
1379,2021-10-11,Monday,,,,,,,,,,
1380,2021-10-12,Tuesday,,,,,,,,,,
1381,2021-10-13,Wednesday,,,,,,,,,,
1382,2021-10-14,Thursday,,,,,,,,,,
1383,2021-10-15,Friday,,,,,,,,,,
1384,2021-10-16,Saturday,,,,,,,,,,
1385,2021-10-17,Sunday,,,,,,,,,,
1386,2021-10-18,Monday,,,,,,,,,,
1387,2021-10-19,Tuesday,,,,,,,,,,
1388,2021-10-20,Wednesday,,,,,,,,,,
1389,2021-10-21,Thursday,,,,,,,,,,
1390,2021-10-22,Friday,,,,,,,,,,
1391,2021-10-23,Saturday,,,,,,,,,,
1392,2021-10-24,Sunday,,,,,,,,,,
1393,2021-10-25,Monday,,,,,,,,,,
1394,2021-10-26,Tuesday,,,,,,,,,,
1395,2021-10-27,Wednesday,,,,,,,,,,
1396,2021-10-28,Thursday,,,,,,,,,,
1397,2021-10-29,Friday,,,,,,,,,,
1398,2021-10-30,Saturday,,,,,,Dia de Todos os Santos,,,,
1399,2021-10-31,Sunday,,,,,Dia de Todos os Santos,,,,,
1400,2021-11-01,Monday,Dia de Todos os Santos,,,,,,,,,
1401,2021-11-02,Tuesday,,,Dia de Todos os Santos,,,,,,,
1402,2021-11-03,Wednesday,,,,Dia de Todos os Santos,,,,,,
1403,2021-11-04,Thursday,,,,,,,,,,
1404,2021-11-05,Friday,,,,,,,,,,
1405,2021-11-06,Saturday,,,,,,,,,,
1406,2021-11-07,Sunday,,,,,,,,,,
1407,2021-11-08,Monday,,,,,,,,,,Festas S Martinho
1408,2021-11-09,Tuesday,,,,,,S Martinho,,,Festas S Martinho,Festas S Martinho
1409,2021-11-10,Wednesday,,Festas S Martinho,,,S Martinho,,,,Festas S Martinho,Festas S Martinho
1410,2021-11-11,Thursday,S Martinho,Festas S Martinho,,,,,Festas S Martinho,,Festas S Martinho,Festas S Martinho
1411,2021-11-12,Friday,,Festas S Martinho,S Martinho,,,,Festas S Martinho,Festas S Martinho,Festas S Martinho,Festas S Martinho
1412,2021-11-13,Saturday,,Festas S Martinho,,S Martinho,,,Festas S Martinho,Festas S Martinho,Festas S Martinho,Festas S Martinho
1413,2021-11-14,Sunday,,Festas S Martinho,,,,,Festas S Martinho,Festas S Martinho,Festas S Martinho,Festas S Martinho
1414,2021-11-15,Monday,,Festas S Martinho,,,,,Festas S Martinho,Festas S Martinho,Festas S Martinho,Festas S Martinho
1415,2021-11-16,Tuesday,,Festas S Martinho,,,,,Festas S Martinho,Festas S Martinho,Festas S Martinho,Festas S Martinho
1416,2021-11-17,Wednesday,,Festas S Martinho,,,,,Festas S Martinho,Festas S Martinho,Festas S Martinho,Festas S Martinho
1417,2021-11-18,Thursday,,Festas S Martinho,,,,,Festas S Martinho,Festas S Martinho,Festas S Martinho,Festas S Martinho
1418,2021-11-19,Friday,,Festas S Martinho,,,,,Festas S Martinho,Festas S Martinho,Festas S Martinho,
1419,2021-11-20,Saturday,,Festas S Martinho,,,,,Festas S Martinho,Festas S Martinho,,
1420,2021-11-21,Sunday,,,,,,,Festas S Martinho,Festas S Martinho,,
1421,2021-11-22,Monday,,,,,,,,Festas S Martinho,,
1422,2021-11-23,Tuesday,,,,,,,,,,
1423,2021-11-24,Wednesday,,,,,,,,,,
1424,2021-11-25,Thursday,,,,,,,,,,
1425,2021-11-26,Friday,,,,,,,,,,
1426,2021-11-27,Saturday,,,,,,,,,,
1427,2021-11-28,Sunday,,,,,,,,,,
1428,2021-11-29,Monday,,,,,,Restauracao da independencia,,,,
1429,2021-11-30,Tuesday,,,,,Restauracao da independencia,,,,,
1430,2021-12-01,Wednesday,Restauracao da independencia,,,,,,,,,
1431,2021-12-02,Thursday,,,Restauracao da independencia,,,,,,,
1432,2021-12-03,Friday,,,,Restauracao da independencia,,,,,,
1433,2021-12-04,Saturday,,,,,,,,,,
1434,2021-12-05,Sunday,,,,,,,,,,
1435,2021-12-06,Monday,,,,,,Dia da Imaculada Conceicao,,,,
1436,2021-12-07,Tuesday,,,,,Dia da Imaculada Conceicao,,,,,
1437,2021-12-08,Wednesday,Dia da Imaculada Conceicao,,,,,,,,,
1438,2021-12-09,Thursday,,,Dia da Imaculada Conceicao,,,,,,,
1439,2021-12-10,Friday,,,,Dia da Imaculada Conceicao,,,,,,
1440,2021-12-11,Saturday,,,,,,,,,,
1441,2021-12-12,Sunday,,,,,,,,,,
1442,2021-12-13,Monday,,,,,,,,,,
1443,2021-12-14,Tuesday,,,,,,,,,,
1444,2021-12-15,Wednesday,,,,,,,,,,
1445,2021-12-16,Thursday,,,,,,,,,,
1446,2021-12-17,Friday,,,,,,,,,,
1447,2021-12-18,Saturday,,,,,,,,,,
1448,2021-12-19,Sunday,,,,,,,,,,
1449,2021-12-20,Monday,,,,,,,,,,
1450,2021-12-21,Tuesday,,,,,,,,,,
1451,2021-12-22,Wednesday,,,,,,,,,,
1452,2021-12-23,Thursday,,,,,,Natal,,,,
1453,2021-12-24,Friday,,,,,Natal,,,,,
1454,2021-12-25,Saturday,Natal,,,,,,,,,
1455,2021-12-26,Sunday,,,Natal,,,,,,,
1456,2021-12-27,Monday,,,,Natal,,,,,,
1457,2021-12-28,Tuesday,,,,,,,,,,
1458,2021-12-29,Wednesday,,,,,,,,,,
1459,2021-12-30,Thursday,,,,,,Ano Novo,,,,
1460,2021-12-31,Friday,,,,,Ano Novo,,,,,
1461,2022-01-01,Saturday,Ano Novo,,,,,,,,,
1462,2022-01-02,Sunday,,,Ano Novo,,,,,,,
1463,2022-01-03,Monday,,,,Ano Novo,,,,,,
1464,2022-01-04,Tuesday,,,,,,,,,,
1465,2022-01-05,Wednesday,,,,,,,,,,
1466,2022-01-06,Thursday,,,,,,,,,,
1467,2022-01-07,Friday,,,,,,,,,,
1468,2022-01-08,Saturday,,,,,,,,,,
1469,2022-01-09,Sunday,,,,,,,,,,
1470,2022-01-10,Monday,,,,,,,,,,
1471,2022-01-11,Tuesday,,,,,,,,,,
1472,2022-01-12,Wednesday,,,,,,,,,,
1473,2022-01-13,Thursday,,,,,,,,,,
1474,2022-01-14,Friday,,,,,,,,,,
1475,2022-01-15,Saturday,,,,,,,,,,
1476,2022-01-16,Sunday,,,,,,,,,,
1477,2022-01-17,Monday,,,,,,,,,,
1478,2022-01-18,Tuesday,,,,,,,,,,
1479,2022-01-19,Wednesday,,,,,,,,,,
1480,2022-01-20,Thursday,,,,,,,,,,
1481,2022-01-21,Friday,,,,,,,,,,
1482,2022-01-22,Saturday,,,,,,,,,,
1483,2022-01-23,Sunday,,,,,,,,,,
1484,2022-01-24,Monday,,,,,,,,,,
1485,2022-01-25,Tuesday,,,,,,,,,,
1486,2022-01-26,Wednesday,,,,,,,,,,
1487,2022-01-27,Thursday,,,,,,,,,,
1488,2022-01-28,Friday,,,,,,,,,,
1489,2022-01-29,Saturday,,,,,,,,,,
1490,2022-01-30,Sunday,,,,,,,,,,
1491,2022-01-31,Monday,,,,,,,,,,
1492,2022-02-01,Tuesday,,,,,,,,,,
1493,2022-02-02,Wednesday,,,,,,,,,,
1494,2022-02-03,Thursday,,,,,,,,,,
1495,2022-02-04,Friday,,,,,,,,,,
1496,2022-02-05,Saturday,,,,,,,,,,
1497,2022-02-06,Sunday,,,,,,,,,,
1498,2022-02-07,Monday,,,,,,,,,,
1499,2022-02-08,Tuesday,,,,,,,,,,
1500,2022-02-09,Wednesday,,,,,,,,,,
1501,2022-02-10,Thursday,,,,,,,,,,
1502,2022-02-11,Friday,,,,,,,,,,
1503,2022-02-12,Saturday,,,,,,,,,,
1504,2022-02-13,Sunday,,,,,,,,,,
1505,2022-02-14,Monday,,,,,,,,,,
1506,2022-02-15,Tuesday,,,,,,,,,,
1507,2022-02-16,Wednesday,,,,,,,,,,
1508,2022-02-17,Thursday,,,,,,,,,,
1509,2022-02-18,Friday,,,,,,,,,,
1510,2022-02-19,Saturday,,,,,,,,,,
1511,2022-02-20,Sunday,,,,,,,,,,
1512,2022-02-21,Monday,,,,,,,,,,
1513,2022-02-22,Tuesday,,,,,,,,,,
1514,2022-02-23,Wednesday,,,,,,,,,,
1515,2022-02-24,Thursday,,,,,,,,,,
1516,2022-02-25,Friday,,,,,,,,,,
1517,2022-02-26,Saturday,,,,,,,,,,
1518,2022-02-27,Sunday,,,,,,Carnaval,,,,
1519,2022-02-28,Monday,,,,,Carnaval,,,,,
1520,2022-03-01,Tuesday,Carnaval,,,,,,,,,
1521,2022-03-02,Wednesday,,,Carnaval,,,,,,,
1522,2022-03-03,Thursday,,,,Carnaval,,,,,,
1523,2022-03-04,Friday,,,,,,,,,,
1524,2022-03-05,Saturday,,,,,,,,,,
1525,2022-03-06,Sunday,,,,,,,,,,
1526,2022-03-07,Monday,,,,,,,,,,
1527,2022-03-08,Tuesday,,,,,,,,,,
1528,2022-03-09,Wednesday,,,,,,,,,,
1529,2022-03-10,Thursday,,,,,,,,,,
1530,2022-03-11,Friday,,,,,,,,,,
1531,2022-03-12,Saturday,,,,,,,,,,
1532,2022-03-13,Sunday,,,,,,,,,,
1533,2022-03-14,Monday,,,,,,,,,,
1534,2022-03-15,Tuesday,,,,,,,,,,
1535,2022-03-16,Wednesday,,,,,,,,,,
1536,2022-03-17,Thursday,,,,,,,,,,
1537,2022-03-18,Friday,,,,,,,,,,
1538,2022-03-19,Saturday,,,,,,,,,,
1539,2022-03-20,Sunday,,,,,,,,,,
1540,2022-03-21,Monday,,,,,,,,,,
1541,2022-03-22,Tuesday,,,,,,,,,,
1542,2022-03-23,Wednesday,,,,,,,,,,
1543,2022-03-24,Thursday,,,,,,,,,,
1544,2022-03-25,Friday,,,,,,,,,,
1545,2022-03-26,Saturday,,,,,,,,,,
1546,2022-03-27,Sunday,,,,,,,,,,
1547,2022-03-28,Monday,,,,,,,,,,
1548,2022-03-29,Tuesday,,,,,,,,,,
1549,2022-03-30,Wednesday,,,,,,,,,,
1550,2022-03-31,Thursday,,,,,,,,,,
1551,2022-04-01,Friday,,,,,,,,,,
1552,2022-04-02,Saturday,,,,,,,,,,
1553,2022-04-03,Sunday,,,,,,,,,,
1554,2022-04-04,Monday,,,,,,,,,,
1555,2022-04-05,Tuesday,,,,,,,,,,
1556,2022-04-06,Wednesday,,,,,,,,,,
1557,2022-04-07,Thursday,,,,,,,,,,
1558,2022-04-08,Friday,,,,,,,,,,
1559,2022-04-09,Saturday,,,,,,,,,,
1560,2022-04-10,Sunday,,,,,,,,,,
1561,2022-04-11,Monday,,,,,,,,,,
1562,2022-04-12,Tuesday,,,,,,,,,,Endoencas
1563,2022-04-13,Wednesday,,,,,,Sexta Feira Santa,,,Endoencas,
1564,2022-04-14,Thursday,,Endoencas,,,Sexta Feira Santa,,,,,
1565,2022-04-15,Friday,Sexta Feira Santa,,,,,Domingo de Pascoa,Endoencas,,,
1566,2022-04-16,Saturday,,,Sexta Feira Santa,,Domingo de Pascoa,Segunda-feira de Pascoa,,Endoencas,,
1567,2022-04-17,Sunday,Domingo de Pascoa,,,Sexta Feira Santa,Segunda-feira de Pascoa,,,,,
1568,2022-04-18,Monday,Segunda-feira de Pascoa,,Domingo de Pascoa,,,,,,,
1569,2022-04-19,Tuesday,,,Segunda-feira de Pascoa,Domingo de Pascoa,,,,,,
1570,2022-04-20,Wednesday,,,,Segunda-feira de Pascoa,,,,,,
1571,2022-04-21,Thursday,,,,,,,,,,
1572,2022-04-22,Friday,,,,,,,,,,
1573,2022-04-23,Saturday,,,,,,Dia da liberdade,,,,
1574,2022-04-24,Sunday,,,,,Dia da liberdade,,,,,
1575,2022-04-25,Monday,Dia da liberdade,,,,,,,,,
1576,2022-04-26,Tuesday,,,Dia da liberdade,,,,,,,
1577,2022-04-27,Wednesday,,,,Dia da liberdade,,,,,,
1578,2022-04-28,Thursday,,,,,,,,,,
1579,2022-04-29,Friday,,,,,,Dia do Trabalhador,,,,
1580,2022-04-30,Saturday,,,,,Dia do Trabalhador,,,,,
1581,2022-05-01,Sunday,Dia do Trabalhador,,,,,,,,,
1582,2022-05-02,Monday,,,Dia do Trabalhador,,,,,,,
1583,2022-05-03,Tuesday,,,,Dia do Trabalhador,,,,,,
1584,2022-05-04,Wednesday,,,,,,,,,,
1585,2022-05-05,Thursday,,,,,,,,,,
1586,2022-05-06,Friday,,,,,,,,,,
1587,2022-05-07,Saturday,,,,,,,,,,
1588,2022-05-08,Sunday,,,,,,,,,,
1589,2022-05-09,Monday,,,,,,,,,,
1590,2022-05-10,Tuesday,,,,,,,,,,
1591,2022-05-11,Wednesday,,,,,,,,,,
1592,2022-05-12,Thursday,,,,,,,,,,
1593,2022-05-13,Friday,,,,,,,,,,
1594,2022-05-14,Saturday,,,,,,,,,,
1595,2022-05-15,Sunday,,,,,,,,,,
1596,2022-05-16,Monday,,,,,,,,,,
1597,2022-05-17,Tuesday,,,,,,,,,,
1598,2022-05-18,Wednesday,,,,,,,,,,
1599,2022-05-19,Thursday,,,,,,,,,,
1600,2022-05-20,Friday,,,,,,,,,,
1601,2022-05-21,Saturday,,,,,,,,,,
1602,2022-05-22,Sunday,,,,,,,,,,
1603,2022-05-23,Monday,,,,,,,,,,
1604,2022-05-24,Tuesday,,,,,,,,,,
1605,2022-05-25,Wednesday,,,,,,,,,,
1606,2022-05-26,Thursday,,,,,,,,,,
1607,2022-05-27,Friday,,,,,,,,,,
1608,2022-05-28,Saturday,,,,,,,,,,
1609,2022-05-29,Sunday,,,,,,,,,,
1610,2022-05-30,Monday,,,,,,,,,,
1611,2022-05-31,Tuesday,,,,,,,,,,
1612,2022-06-01,Wednesday,,,,,,,,,,
1613,2022-06-02,Thursday,,,,,,,,,,
1614,2022-06-03,Friday,,,,,,,,,,
1615,2022-06-04,Saturday,,,,,,,,,,
1616,2022-06-05,Sunday,,,,,,,,,,
1617,2022-06-06,Monday,,,,,,,,,,
1618,2022-06-07,Tuesday,,,,,,,,,,
1619,2022-06-08,Wednesday,,,,,,Dia de Portugal,,,,
1620,2022-06-09,Thursday,,,,,Dia de Portugal,,,,,
1621,2022-06-10,Friday,Dia de Portugal,,,,,,,,,
1622,2022-06-11,Saturday,,,Dia de Portugal,,,,,,,
1623,2022-06-12,Sunday,,,,Dia de Portugal,,,,,,
1624,2022-06-13,Monday,,,,,,,,,,Festas do Corpo de Deus
1625,2022-06-14,Tuesday,,,,,,Corpo de Deus,,,Festas do Corpo de Deus,Festas do Corpo de Deus
1626,2022-06-15,Wednesday,,Festas do Corpo de Deus,,,Corpo de Deus,,,,Festas do Corpo de Deus,
1627,2022-06-16,Thursday,Corpo de Deus,Festas do Corpo de Deus,,,,,Festas do Corpo de Deus,,,
1628,2022-06-17,Friday,,,Corpo de Deus,,,,Festas do Corpo de Deus,Festas do Corpo de Deus,,
1629,2022-06-18,Saturday,,,,Corpo de Deus,,,,Festas do Corpo de Deus,,
1630,2022-06-19,Sunday,,,,,,,,,,
1631,2022-06-20,Monday,,,,,,,,,,
1632,2022-06-21,Tuesday,,,,,,,,,,
1633,2022-06-22,Wednesday,,,,,,,,,,
1634,2022-06-23,Thursday,,,,,,,,,,
1635,2022-06-24,Friday,,,,,,,,,,
1636,2022-06-25,Saturday,,,,,,,,,,
1637,2022-06-26,Sunday,,,,,,,,,,
1638,2022-06-27,Monday,,,,,,,,,,
1639,2022-06-28,Tuesday,,,,,,,,,,
1640,2022-06-29,Wednesday,,,,,,,,,,
1641,2022-06-30,Thursday,,,,,,,,,,
1642,2022-07-01,Friday,,,,,,,,,,
1643,2022-07-02,Saturday,,,,,,,,,,
1644,2022-07-03,Sunday,,,,,,,,,,
1645,2022-07-04,Monday,,,,,,,,,,
1646,2022-07-05,Tuesday,,,,,,,,,,
1647,2022-07-06,Wednesday,,,,,,,,,,
1648,2022-07-07,Thursday,,,,,,,,,,
1649,2022-07-08,Friday,,,,,,,,,,
1650,2022-07-09,Saturday,,,,,,,,,,
1651,2022-07-10,Sunday,,,,,,,,,,
1652,2022-07-11,Monday,,,,,,,,,,
1653,2022-07-12,Tuesday,,,,,,,,,,
1654,2022-07-13,Wednesday,,,,,,,,,,
1655,2022-07-14,Thursday,,,,,,,,,,
1656,2022-07-15,Friday,,,,,,,,,,
1657,2022-07-16,Saturday,,,,,,,,,,
1658,2022-07-17,Sunday,,,,,,,,,,
1659,2022-07-18,Monday,,,,,,,,,,
1660,2022-07-19,Tuesday,,,,,,,,,,
1661,2022-07-20,Wednesday,,,,,,,,,,
1662,2022-07-21,Thursday,,,,,,,,,,
1663,2022-07-22,Friday,,,,,,,,,,
1664,2022-07-23,Saturday,,,,,,,,,,
1665,2022-07-24,Sunday,,,,,,,,,,
1666,2022-07-25,Monday,,,,,,,,,,
1667,2022-07-26,Tuesday,,,,,,,,,,
1668,2022-07-27,Wednesday,,,,,,,,,,
1669,2022-07-28,Thursday,,,,,,,,,,
1670,2022-07-29,Friday,,,,,,,,,,
1671,2022-07-30,Saturday,,,,,,,,,,
1672,2022-07-31,Sunday,,,,,,,,,,
1673,2022-08-01,Monday,,,,,,,,,,
1674,2022-08-02,Tuesday,,,,,,,,,,
1675,2022-08-03,Wednesday,,,,,,,,,,
1676,2022-08-04,Thursday,,,,,,,,,,
1677,2022-08-05,Friday,,,,,,,,,,
1678,2022-08-06,Saturday,,,,,,,,,,
1679,2022-08-07,Sunday,,,,,,,,,,
1680,2022-08-08,Monday,,,,,,,,,,
1681,2022-08-09,Tuesday,,,,,,,,,,
1682,2022-08-10,Wednesday,,,,,,,,,,
1683,2022-08-11,Thursday,,,,,,,,,,
1684,2022-08-12,Friday,,,,,,,,,,
1685,2022-08-13,Saturday,,,,,,Assuncao de Nossa Senhora,,,,
1686,2022-08-14,Sunday,,,,,Assuncao de Nossa Senhora,,,,,
1687,2022-08-15,Monday,Assuncao de Nossa Senhora,,,,,,,,,
1688,2022-08-16,Tuesday,,,Assuncao de Nossa Senhora,,,,,,,
1689,2022-08-17,Wednesday,,,,Assuncao de Nossa Senhora,,,,,,Agrival
1690,2022-08-18,Thursday,,,,,,,,,Agrival,Agrival
1691,2022-08-19,Friday,,Agrival,,,,,,,Agrival,Agrival
1692,2022-08-20,Saturday,,Agrival,,,,,Agrival,,Agrival,Agrival
1693,2022-08-21,Sunday,,Agrival,,,,,Agrival,Agrival,Agrival,Agrival
1694,2022-08-22,Monday,,Agrival,,,,,Agrival,Agrival,Agrival,Festas SBartolomeu
1695,2022-08-23,Tuesday,,Agrival,,,,,Agrival,Agrival,Festas SBartolomeu,Agrival
1696,2022-08-24,Wednesday,,Festas SBartolomeu,,,,,Agrival,Agrival,Agrival,Agrival
1697,2022-08-25,Thursday,,Agrival,,,,,Festas SBartolomeu,Agrival,Agrival,Agrival
1698,2022-08-26,Friday,,Agrival,,,,,Agrival,Festas SBartolomeu,Agrival,Agrival
1699,2022-08-27,Saturday,,Agrival,,,,,Agrival,Agrival,Agrival,
1700,2022-08-28,Sunday,,Agrival,,,,,Agrival,Agrival,,
1701,2022-08-29,Monday,,,,,,,Agrival,Agrival,,
1702,2022-08-30,Tuesday,,,,,,,,Agrival,,
1703,2022-08-31,Wednesday,,,,,,,,,,
1704,2022-09-01,Thursday,,,,,,,,,,
1705,2022-09-02,Friday,,,,,,,,,,
1706,2022-09-03,Saturday,,,,,,,,,,
1707,2022-09-04,Sunday,,,,,,,,,,
1708,2022-09-05,Monday,,,,,,,,,,
1709,2022-09-06,Tuesday,,,,,,,,,,
1710,2022-09-07,Wednesday,,,,,,,,,,
1711,2022-09-08,Thursday,,,,,,,,,,
1712,2022-09-09,Friday,,,,,,,,,,
1713,2022-09-10,Saturday,,,,,,,,,,
1714,2022-09-11,Sunday,,,,,,,,,,
1715,2022-09-12,Monday,,,,,,,,,,
1716,2022-09-13,Tuesday,,,,,,,,,,
1717,2022-09-14,Wednesday,,,,,,,,,,
1718,2022-09-15,Thursday,,,,,,,,,,
1719,2022-09-16,Friday,,,,,,,,,,
1720,2022-09-17,Saturday,,,,,,,,,,
1721,2022-09-18,Sunday,,,,,,,,,,
1722,2022-09-19,Monday,,,,,,,,,,
1723,2022-09-20,Tuesday,,,,,,,,,,
1724,2022-09-21,Wednesday,,,,,,,,,,
1725,2022-09-22,Thursday,,,,,,,,,,
1726,2022-09-23,Friday,,,,,,,,,,
1727,2022-09-24,Saturday,,,,,,,,,,
1728,2022-09-25,Sunday,,,,,,,,,,
1729,2022-09-26,Monday,,,,,,,,,,
1730,2022-09-27,Tuesday,,,,,,,,,,
1731,2022-09-28,Wednesday,,,,,,,,,,
1732,2022-09-29,Thursday,,,,,,,,,,
1733,2022-09-30,Friday,,,,,,,,,,
1734,2022-10-01,Saturday,,,,,,,,,,
1735,2022-10-02,Sunday,,,,,,,,,,
1736,2022-10-03,Monday,,,,,,Implantacao da Republica,,,,
1737,2022-10-04,Tuesday,,,,,Implantacao da Republica,,,,,
1738,2022-10-05,Wednesday,Implantacao da Republica,,,,,,,,,
1739,2022-10-06,Thursday,,,Implantacao da Republica,,,,,,,
1740,2022-10-07,Friday,,,,Implantacao da Republica,,,,,,
1741,2022-10-08,Saturday,,,,,,,,,,
1742,2022-10-09,Sunday,,,,,,,,,,
1743,2022-10-10,Monday,,,,,,,,,,
1744,2022-10-11,Tuesday,,,,,,,,,,
1745,2022-10-12,Wednesday,,,,,,,,,,
1746,2022-10-13,Thursday,,,,,,,,,,
1747,2022-10-14,Friday,,,,,,,,,,
1748,2022-10-15,Saturday,,,,,,,,,,
1749,2022-10-16,Sunday,,,,,,,,,,
1750,2022-10-17,Monday,,,,,,,,,,
1751,2022-10-18,Tuesday,,,,,,,,,,
1752,2022-10-19,Wednesday,,,,,,,,,,
1753,2022-10-20,Thursday,,,,,,,,,,
1754,2022-10-21,Friday,,,,,,,,,,
1755,2022-10-22,Saturday,,,,,,,,,,
1756,2022-10-23,Sunday,,,,,,,,,,
1757,2022-10-24,Monday,,,,,,,,,,
1758,2022-10-25,Tuesday,,,,,,,,,,
1759,2022-10-26,Wednesday,,,,,,,,,,
1760,2022-10-27,Thursday,,,,,,,,,,
1761,2022-10-28,Friday,,,,,,,,,,
1762,2022-10-29,Saturday,,,,,,,,,,
1763,2022-10-30,Sunday,,,,,,Dia de Todos os Santos,,,,
1764,2022-10-31,Monday,,,,,Dia de Todos os Santos,,,,,
1765,2022-11-01,Tuesday,Dia de Todos os Santos,,,,,,,,,
1766,2022-11-02,Wednesday,,,Dia de Todos os Santos,,,,,,,
1767,2022-11-03,Thursday,,,,Dia de Todos os Santos,,,,,,
1768,2022-11-04,Friday,,,,,,,,,,
1769,2022-11-05,Saturday,,,,,,,,,,
1770,2022-11-06,Sunday,,,,,,,,,,
1771,2022-11-07,Monday,,,,,,,,,,
1772,2022-11-08,Tuesday,,,,,,,,,,Festas S Martinho
1773,2022-11-09,Wednesday,,,,,,S Martinho,,,Festas S Martinho,Festas S Martinho
1774,2022-11-10,Thursday,,Festas S Martinho,,,S Martinho,,,,Festas S Martinho,Festas S Martinho
1775,2022-11-11,Friday,S Martinho,Festas S Martinho,,,,,Festas S Martinho,,Festas S Martinho,Festas S Martinho
1776,2022-11-12,Saturday,,Festas S Martinho,S Martinho,,,,Festas S Martinho,Festas S Martinho,Festas S Martinho,Festas S Martinho
1777,2022-11-13,Sunday,,Festas S Martinho,,S Martinho,,,Festas S Martinho,Festas S Martinho,Festas S Martinho,Festas S Martinho
1778,2022-11-14,Monday,,Festas S Martinho,,,,,Festas S Martinho,Festas S Martinho,Festas S Martinho,Festas S Martinho
1779,2022-11-15,Tuesday,,Festas S Martinho,,,,,Festas S Martinho,Festas S Martinho,Festas S Martinho,Festas S Martinho
1780,2022-11-16,Wednesday,,Festas S Martinho,,,,,Festas S Martinho,Festas S Martinho,Festas S Martinho,Festas S Martinho
1781,2022-11-17,Thursday,,Festas S Martinho,,,,,Festas S Martinho,Festas S Martinho,Festas S Martinho,Festas S Martinho
1782,2022-11-18,Friday,,Festas S Martinho,,,,,Festas S Martinho,Festas S Martinho,Festas S Martinho,Festas S Martinho
1783,2022-11-19,Saturday,,Festas S Martinho,,,,,Festas S Martinho,Festas S Martinho,Festas S Martinho,
1784,2022-11-20,Sunday,,Festas S Martinho,,,,,Festas S Martinho,Festas S Martinho,,
1785,2022-11-21,Monday,,,,,,,Festas S Martinho,Festas S Martinho,,
1786,2022-11-22,Tuesday,,,,,,,,Festas S Martinho,,
1787,2022-11-23,Wednesday,,,,,,,,,,
1788,2022-11-24,Thursday,,,,,,,,,,
1789,2022-11-25,Friday,,,,,,,,,,
1790,2022-11-26,Saturday,,,,,,,,,,
1791,2022-11-27,Sunday,,,,,,,,,,
1792,2022-11-28,Monday,,,,,,,,,,
1793,2022-11-29,Tuesday,,,,,,Restauracao da independencia,,,,
1794,2022-11-30,Wednesday,,,,,Restauracao da independencia,,,,,
1795,2022-12-01,Thursday,Restauracao da independencia,,,,,,,,,
1796,2022-12-02,Friday,,,Restauracao da independencia,,,,,,,
1797,2022-12-03,Saturday,,,,Restauracao da independencia,,,,,,
1798,2022-12-04,Sunday,,,,,,,,,,
1799,2022-12-05,Monday,,,,,,,,,,
1800,2022-12-06,Tuesday,,,,,,Dia da Imaculada Conceicao,,,,
1801,2022-12-07,Wednesday,,,,,Dia da Imaculada Conceicao,,,,,
1802,2022-12-08,Thursday,Dia da Imaculada Conceicao,,,,,,,,,
1803,2022-12-09,Friday,,,Dia da Imaculada Conceicao,,,,,,,
1804,2022-12-10,Saturday,,,,Dia da Imaculada Conceicao,,,,,,
1805,2022-12-11,Sunday,,,,,,,,,,
1806,2022-12-12,Monday,,,,,,,,,,
1807,2022-12-13,Tuesday,,,,,,,,,,
1808,2022-12-14,Wednesday,,,,,,,,,,
1809,2022-12-15,Thursday,,,,,,,,,,
1810,2022-12-16,Friday,,,,,,,,,,
1811,2022-12-17,Saturday,,,,,,,,,,
1812,2022-12-18,Sunday,,,,,,,,,,
1813,2022-12-19,Monday,,,,,,,,,,
1814,2022-12-20,Tuesday,,,,,,,,,,
1815,2022-12-21,Wednesday,,,,,,,,,,
1816,2022-12-22,Thursday,,,,,,,,,,
1817,2022-12-23,Friday,,,,,,Natal,,,,
1818,2022-12-24,Saturday,,,,,Natal,,,,,
1819,2022-12-25,Sunday,Natal,,,,,,,,,
1820,2022-12-26,Monday,,,Natal,,,,,,,
1821,2022-12-27,Tuesday,,,,Natal,,,,,,
1822,2022-12-28,Wednesday,,,,,,,,,,
1823,2022-12-29,Thursday,,,,,,,,,,
1824,2022-12-30,Friday,,,,,,n,,,,n
1825,2022-12-31,Saturday,,,,,n,n,,,n,n
